p1,p2,p3,p4,p5,p6,p7,p8,p9,p10,p11,p12,p13,p14,p15,p16,p17,p18,p19,p20,p21,p22,p23,p24,p25,p26,p27,p28,p29,p30,p31,p32,p33,p34,p35,p36,p37,p38,p39,p40,p41,p42,p43,p44,p45,p46,p47,p48,p49,p50,p51,p52,p53,p54,p55,p56,p57,p58,p59,p60,p61,p62,p63,p64,p65,p66,p67,p68,p69,p70,p71,p72,p73,p74,p75,p76,p77,p78,p79,p80,Class
-0.002254902,-0.002254902,-0.002254902,-0.001977124,-0.002254902,-0.002254902,-0.001977124,-0.002254902,-0.002254902,-0.00253268,2.78E-17,-2.78E-17,-0.002222222,-0.038856209,-0.083647582,-0.08374183,-0.037928627,-0.001944444,-2.78E-17,0,2.78E-17,0.000277778,0.006111111,0.003611111,-0.055486405,-0.055392157,0.003333333,0.005555556,0.000277778,0,2.78E-17,-2.78E-17,0.002777778,0.059477124,0.063366013,0.063832288,0.059665621,0.002777778,-2.78E-17,0,2.78E-17,-2.78E-17,0.005,0.059653072,0.086421569,0.086421569,0.05872549,0.005,-2.78E-17,0,2.78E-17,-2.78E-17,0.026735817,0.073647582,0.091180261,0.090902484,0.074019608,0.026830065,-2.78E-17,0,2.78E-17,-2.78E-17,0.000277778,0.008137255,0.109575163,0.109019608,0.007581699,0.000277778,-2.78E-17,0,0.003088235,0.003088235,0.003088235,0.003088235,0.003088235,0.003088235,0.003088235,0.003088235,0.003088235,0.003088235,albania
-0.001483137,0.00390902,-0.000691242,0.00040732,0.006347451,0.003148627,-0.000642222,-0.001197778,-0.000547974,-0.001197778,-0.007946144,0.001956993,0.002140523,-0.002719739,-0.009231765,-0.015090196,-0.012127712,0.000372026,-0.001111111,-0.001299608,-0.002316471,0.003043007,0.003509281,0.001552288,-0.001533333,-0.01052902,-0.00717817,-0.003129673,-0.00239817,0.000560523,-0.00010183,0.000922614,0.002033725,0.013586928,0.013214902,0.010665882,0.005767712,-0.000912418,-0.000188497,0.000555556,0.001220523,0.00119281,0.001748366,0.012177908,0.016786928,0.027690588,0.022933333,0.001205359,0.001016863,0.001572418,-0.00382732,-0.003422614,0.01250732,0.019454118,0.01089085,0.01330915,0.02696549,0.013225098,0.006041961,0.005012549,0.003427582,0.001503268,0.001430327,0.009508366,0.024401307,0.023370719,0.009639085,0.007620523,0.003068105,0.00380719,0.003432549,-0.000744052,-0.002688497,-0.000833333,0.004955686,0.008485098,0.001463007,0.001835033,-9.42E-05,0.000372026,albania
-2.78E-17,-2.78E-17,-2.78E-17,0.000555556,0.000555556,0.000555556,0.000555556,-2.78E-17,-2.78E-17,-2.78E-17,-2.78E-17,0.000277778,0.000196078,-0.029084967,-0.047401961,-0.047957516,-0.030915033,-0.002026144,-1.39E-17,-2.78E-17,-2.78E-17,-2.78E-17,0.005800654,-1.39E-17,-0.046797386,-0.049656863,-0.002107843,0.00746732,2.78E-17,-2.78E-17,-2.78E-17,0.000277778,0.006437908,0.035751634,0.028480392,0.027647059,0.034918301,0.007826797,0.000277778,-2.78E-17,-2.78E-17,-2.78E-17,0.018513072,0.056372549,0.053153595,0.054901961,0.058411242,0.019048497,0.000277778,-2.78E-17,-2.78E-17,0.000277778,0.009656863,0.024836601,0.012679739,0.012062614,0.025669935,0.011683007,0.000277778,-2.78E-17,-2.78E-17,-2.78E-17,0.000555556,0.025588235,0.084346405,0.086650327,0.029084967,0.000555556,-2.78E-17,-2.78E-17,-2.78E-17,-2.78E-17,-2.78E-17,0.000555556,0.001552288,0.001552288,0.000555556,-2.78E-17,-2.78E-17,-2.78E-17,albania
0.005838301,0.005282745,0.006116078,0.007415686,0.008621046,0.008621046,0.007415686,0.006116078,0.005282745,0.005282745,1.39E-17,0,0.002316471,-0.036749281,-0.064780654,-0.064780654,-0.037399085,0.002316471,-1.39E-17,1.39E-17,1.39E-17,0,0.006319739,-0.005004967,-0.063672157,-0.063672157,-0.00472719,0.006597516,-1.39E-17,1.39E-17,1.39E-17,1.39E-17,0.00482902,0.033884837,0.027850458,0.027009542,0.032766144,0.004551242,0,1.39E-17,1.39E-17,0.000372026,0.003244052,0.068778954,0.063116601,0.062838824,0.068223399,0.002966275,0.000372026,1.39E-17,1.39E-17,0.000555556,0.045757516,0.157508627,0.13940549,0.139127712,0.157508627,0.045757516,0.000555556,1.39E-17,0.000833333,0.000833333,0.006034379,0.045194379,0.162791373,0.162791373,0.045194379,0.006034379,0.000833333,0.000833333,-0.005282745,-0.005282745,-0.005004967,-0.004171634,-0.005282745,-0.005282745,-0.004077386,-0.005004967,-0.005282745,-0.005282745,albania
0.005662353,0.021181438,0.001103529,0.012631895,0.018212549,0.008546928,0.007708627,0.011711895,0.009665621,-0.002410719,-0.006500654,0.020442353,0.005384575,-0.04679451,-0.079282876,-0.085798693,-0.018192418,0.006589935,0.013931503,0.030844444,0.002410719,0.006503268,0.017652026,-0.008913987,-0.070462222,-0.059772157,0.016905359,0.014487059,0.005940131,0.047194248,0.007889542,-0.007619346,-0.000833333,0.075194379,0.074904052,0.078912288,0.044044444,0.010863399,0.00826915,-0.008358431,0.013011503,0.006041961,0.014581307,0.048481307,0.04812183,0.046442614,0.03129817,-0.023502876,-0.01922183,0.012733725,0.006589935,0.003244052,0.041315686,0.138263137,0.12261098,0.158542092,0.11283098,0.050081438,0.052492157,0.044775948,0.009110065,0.01580183,0.008633595,0.067965752,0.121201961,0.107262876,0.060448235,0.01097281,0.0314,0.031216471,0.004092549,0.009387843,0.001855163,-0.007986405,0.012448366,0.012542614,0.014683137,0.023135817,-0.003162353,7.58E-06,albania
0.001577386,0.003055556,-0.001002876,-0.000990327,-9.16E-05,-0.002903268,-0.005087843,-0.001246797,0.001294641,-0.001111111,-0.003338301,0.00222719,0.001686797,0.000565752,-0.005743791,-0.008892418,-0.006701699,-0.002053856,-0.000461307,-0.000183529,-0.001760915,0.006136209,0.002229804,0.001572418,-0.000340523,-0.00552902,-0.004293595,-0.003047974,-0.001483137,-0.000277778,0.001205359,0.001111111,0.003231503,0.009881569,0.008953987,0.006886405,0.005660915,-0.002316471,-0.000644837,-0.000183529,0.00027281,0.000649804,0.001197778,0.009935556,0.013004837,0.016807059,0.014204052,0.004416732,0.001212941,0.000555556,0.001768497,-0.001381307,0.009783529,0.012551111,0.003553072,0.002755033,0.019359869,0.00868,0.001850196,0.001666667,0.002316471,-0.002966275,0.007629281,0.009133725,0.012700784,0.018180784,0.011621176,0.010473595,0.000367059,0.001577386,8.67E-05,-0.002504967,-0.003244052,0.000739085,0.005426928,0.010059869,0.000833333,0.00342,0.000560523,0.001116078,albania
-1.39E-17,-1.39E-17,0.001944444,0.005833333,0.005833333,0.005833333,0.005833333,0.001944444,-1.39E-17,-1.39E-17,-1.39E-17,0.000833333,0.000583268,-0.00065451,-0.004018824,-0.004953987,-0.000932288,0.00030549,0.000555556,-1.39E-17,-1.39E-17,6.94E-18,0.000175948,-0.001665229,-0.00510366,-0.00421634,-0.002600392,0.000277778,-2.78E-17,-1.39E-17,-1.39E-17,0.000277778,0.000379608,0.006723922,0.006324183,0.004176078,0.004575817,0.001314771,0.000277778,-1.39E-17,-1.39E-17,0.000277778,0.002118954,0.004765752,0.005403007,0.005403007,0.004765752,0.002024706,0.000277778,-1.39E-17,-1.39E-17,0.000555556,0.002402876,0.017660915,0.015540523,0.015540523,0.017755163,0.002497124,0.000555556,-1.39E-17,-1.39E-17,0.000277778,0.00037817,0.00452183,0.00982915,0.00982915,0.00452183,0.00037817,0.000277778,-1.39E-17,-1.39E-17,-1.39E-17,0.000277778,0.000277778,-0.000333203,-0.000333203,0.000277778,0.000277778,-1.39E-17,-1.39E-17,albania
-2.78E-17,-2.78E-17,0.002696078,0.005669935,0.005669935,0.006597516,0.005947712,0.003251634,-2.78E-17,-2.78E-17,-2.78E-17,-2.78E-17,0.001483137,-0.039215686,-0.105744052,-0.097479869,-0.049620392,-0.003251634,0.000927582,-2.78E-17,-2.78E-17,0.000935163,0.005669935,0.002316471,-0.067361699,-0.073681438,-0.002696078,0.006875294,0,-2.78E-17,-2.78E-17,0.000935163,0.002418301,0.076662876,0.087623137,0.085760392,0.081581176,0.002973856,0.000277778,-2.78E-17,-2.78E-17,0.001212941,0.009199346,0.066434118,0.107504967,0.108717908,0.081405229,0.013934118,0,-2.78E-17,-2.78E-17,0.000277778,0.034751111,0.118465229,0.130266405,0.141226667,0.116602484,0.04609098,0.000277778,-2.78E-17,-2.78E-17,-2.78E-17,0.001212941,0.003536993,0.133991895,0.143746797,0.004186797,0.000555556,-2.78E-17,-2.78E-17,-2.78E-17,-2.78E-17,-2.78E-17,0.000277778,0.000555556,0.000555556,0.000277778,-2.78E-17,-2.78E-17,-2.78E-17,albania
0.002614379,0,9.42E-05,0.002410719,0.005106797,0.005384575,0.002782745,9.42E-05,0,0,0,0,0.001111111,-0.004327451,-0.03648902,-0.036662353,-0.006651503,0.000372026,0,0,0,0,0.000825752,0.000649804,-0.01522732,-0.015747582,0.002058824,0.000833333,0,0,0,0,0.001212941,0.010892288,0.028530327,0.033252549,0.01522732,0.000277778,0,0,0,0,0.000657386,0.010168366,0.013486536,0.010395686,0.006149935,0.0025,0,0,0,0,0.000555556,0.030201961,0.066041176,0.064186013,0.033899739,0.000555556,0,0,0,0,0,-0.000277778,0.038053856,0.03888719,0.000359477,0,0,0,0,0,0,0.000277778,0.000555556,0.000555556,0.000277778,0,0,0,albania
0.005555556,0.006572418,0.007777778,0.007574118,0.007750065,0.007750065,0.007851895,0.008333333,0.006572418,0.005555556,0.005,0.006111111,0.006748366,0.007283791,0.007663399,0.007941176,0.007283791,0.006470588,0.006388889,0.005372026,0.003516863,0.004166667,0.006294641,0.008426405,0.033467843,0.033839869,0.012149281,0.006572418,0.003888889,0.003239085,0.001666667,0.001944444,0.002675948,0.004485882,0.018496732,0.021572418,0.009575163,0.002675948,0.002222222,0.001944444,-0.000555556,-0.000555556,-0.000555556,0.011862745,0.004162876,0.002965098,0.007487451,-0.000833333,-0.000833333,-0.000833333,-0.002311503,-0.002120392,0.000624706,0.02886,0.023770719,0.021813725,0.026062092,-0.000310458,-0.002120392,-0.002311503,-0.003705359,-0.004905752,-0.005535425,-0.004878039,-0.00136,-0.001265752,-0.004972288,-0.005629673,-0.005,-0.003799608,-0.002594248,-0.003055556,-0.003888889,-0.004166667,-0.002851895,-0.002574118,-0.004166667,-0.003888889,-0.002961307,-0.0025,albania
-0.016683268,0.005766797,0.081816601,-0.071610196,0.006424706,-0.003951373,-0.003199739,-0.005987712,-0.016512288,-0.017157124,0.00280549,0.009917124,-0.037306144,-0.072652418,0.015428889,0.004398039,9.42E-05,0.002148105,0.003361046,0.003083268,-1.39E-17,0.019367974,-0.096188627,-0.022505229,-0.065369804,0.010381046,0,0,6.94E-18,-1.39E-17,-1.39E-17,-1.39E-17,0.013196471,-0.030233725,-0.032139216,-0.020111111,0.010564575,0,6.94E-18,-1.39E-17,-1.39E-17,-1.39E-17,0.004864314,-0.013617516,-0.057504052,-0.027200784,0.009445882,0,6.94E-18,-1.39E-17,-1.39E-17,-1.39E-17,-1.39E-17,0.015905098,-0.099572157,-0.038896078,-0.1217,0.014659739,6.94E-18,-1.39E-17,-1.39E-17,-1.39E-17,-1.39E-17,-1.39E-17,0.021332549,-0.035294379,-0.05537098,0.009351634,0.007148366,-1.39E-17,0.044796863,0.044796863,0.044796863,0.044796863,0.053034771,-0.001574771,0.074083399,0.113981307,0.050871765,0.044796863,bosnia
-0.007004575,0.049740261,0.034276863,-0.050293725,-0.003274118,-0.00896183,-0.005690065,0.010638693,0.007366928,-0.004489673,0.014458431,-0.025950327,-0.081385621,-0.036654379,0.004380523,-0.006813725,-0.018772157,-0.018782092,-0.021019216,-0.009631503,-0.001495686,0.007565359,-0.072146013,-0.021647712,-0.139421307,0.018650458,0.00411268,0.018935817,0.016973595,0.002423268,0.000937778,-0.002530065,0.025935425,-0.068742876,-0.046474379,-0.030122484,-0.000188497,-0.007200915,-0.007481046,0.000277778,0.001773464,0.004395425,0.021473203,-0.027713856,-0.035968889,0.009901046,0.026223399,0.00663281,0.003923922,0.006632549,0.003088235,6.94E-18,-0.004028366,0.002599477,-0.07740719,-0.005975425,-0.16593451,-0.002953725,0.000563137,0.002991373,0.004020784,0.001679216,0.007959869,0.006464183,0.015279216,-0.033220392,-0.067309804,0.009827843,0.038290719,0.004216863,0.017660784,0.026994641,0.026528366,0.028864967,0.057159477,-0.047314379,0.157849935,0.101323137,0.044062484,0.040443529,bosnia
0.011341046,0.082680261,0.103300261,-0.011605359,0.053610065,0.04445451,0.045389673,0.037571373,0.012246144,0.007317647,0.002433464,-0.011841438,-0.021329281,0.002306928,0.004966144,0.00561098,0.000833333,0.000555556,2.78E-17,2.78E-17,0,0.015059216,-0.097967059,-0.01299281,-0.089200654,0.010381046,5.55E-17,5.55E-17,2.78E-17,2.78E-17,0,2.78E-17,0.018527059,-0.020364444,-0.021113072,-0.008259477,0.01000902,5.55E-17,2.78E-17,2.78E-17,0,2.78E-17,0.012261307,-0.043831373,-0.03445268,-0.004479085,0.007203529,0,2.78E-17,2.78E-17,0,2.78E-17,2.78E-17,0.003651373,-0.06308732,-0.003196993,-0.098172549,0.013541046,2.78E-17,2.78E-17,0.000282745,0.000282745,0.000282745,0.000282745,0.014029804,-0.009535163,-0.036720131,0.010482876,0.015093333,0.001217908,-0.008431373,-0.008619869,-0.008714118,-0.008714118,0.006541176,-0.101352941,0.020979739,0.04164183,-0.006836209,-0.006749542,bosnia
-0.002249673,0.065860392,0.11401281,-0.182092549,-0.001029412,-0.014468627,-0.012251373,0.002053856,0.07097817,0.081197647,0.011834118,-0.019223268,0.006394118,0.042095556,-0.147862092,0.000323007,-0.039427712,-0.000935163,0.060981961,0.067756078,-0.001880261,0.017817124,-0.043593856,0.078964444,-0.022548627,-0.080031242,-0.021305098,-0.013370065,0.038861307,0.039920523,0.001488366,-0.000198431,0.011568889,-0.038461699,0.180044706,-0.062388105,-0.047704706,-0.030847843,0.029353595,0.030281176,0.00128732,-0.000560523,0.005620915,0.016889542,-0.06039098,0.22173817,-0.04239098,-0.031415948,0.029899216,0.041383791,-0.00207634,-0.00243085,0.004025752,0.004030719,0.015946797,-0.088933725,0.09200915,-0.150171503,0.042847059,0.071588497,-0.003090588,-0.002909673,0.00085085,0.006851111,0.004132549,0.015569542,-0.094628497,0.148506013,-0.133140915,0.124226013,-0.002063791,0.000649804,-0.000563137,0.007406667,0.006563399,0.002894771,0.011301046,-0.147096732,-0.05723451,0.057402353,bosnia
0.000246013,0.103398954,0.126891242,-0.005035294,-0.00559085,0.01511085,0.001870327,0.050826536,0.046275033,0.011040523,0.031946013,-0.126519216,0.098957255,0.027761438,-0.035534771,0.020146144,0.026014771,0.00671451,0.015299346,0.007386797,0.014991895,0.012174379,-0.101325752,0.119176863,-0.073135425,-0.035534771,0.034044052,0.024712549,0.011759739,0.01251634,0.006089542,0.006000261,0.006362614,-0.016156863,0.110637908,-0.125351242,-0.022289281,0.028167843,0.013724314,0.003842222,0.029968889,0.006645098,0.00552902,-0.017146928,0.050154641,0.127231503,-0.075427582,-0.006342484,0.025263137,0.023115033,0.014981961,0.00964902,0.003559477,0.01114,-0.098882092,0.099659216,0.062293333,-0.015849804,-0.012886013,-0.010234379,0.006183791,0.010861961,0.003743007,0.00534549,0.010676078,-0.148255294,0.119100915,-0.052493072,0.054086405,0.038074902,0.009827582,0.007687059,0.000751634,-0.00055817,0.009182745,0.011975948,-0.10849634,0.106150196,-0.03296,0.000262876,bosnia
-0.00299634,0.064091895,0.097775948,-0.178632288,-9.42E-05,-0.014468627,-0.011221961,0.001212941,0.068651503,0.079801176,0.011923399,-0.018193856,-0.001816078,0.039945098,-0.14157098,-0.000517908,-0.039055686,0.001212941,0.060051765,0.068316601,-0.001880261,0.016881961,-0.03370183,0.066358824,0.017642745,-0.082546405,-0.022991895,-0.011221961,0.046689542,0.047843007,-0.000381961,-0.000575425,0.013248105,-0.021666667,0.149989281,-0.058910588,-0.05003634,-0.030006928,0.031504314,0.029182614,0.001575294,-0.000466275,0.005620915,0.01604366,-0.038644967,0.200448497,-0.081782876,-0.032534641,0.028490196,0.039513464,-0.00207634,-0.002153072,0.00412,0.004308497,0.013982222,-0.076705098,0.081246275,-0.167162614,0.04406,0.060498431,-0.003936471,-0.003192418,0.000573072,0.008158301,0.005439739,0.016226928,-0.059537778,0.136369281,-0.13799268,0.117518824,-0.001614771,7.44E-05,-0.001329673,0.006084575,0.006364967,-0.000664706,0.009326536,-0.099705621,0.008072941,0.040051503,bosnia
0.000473856,0.025912941,0.09723268,-0.068125098,0.011499739,-1.11E-16,-1.11E-16,0,-6.94E-18,1.39E-17,1.39E-17,0.009071242,-0.035909673,-0.068636601,0.013092288,0.004492288,-1.11E-16,0,-6.94E-18,1.39E-17,1.39E-17,0.020303137,-0.099093333,-0.021304837,-0.059855686,0.010381046,-1.11E-16,0,-6.94E-18,1.39E-17,1.39E-17,1.39E-17,0.013474248,-0.030062745,-0.028584706,-0.017873725,0.011499739,0,-6.94E-18,1.39E-17,1.39E-17,1.39E-17,0.004586536,-0.01426732,-0.054993856,-0.025236209,0.010286797,0.000751634,-6.94E-18,1.39E-17,1.39E-17,1.39E-17,1.39E-17,0.013752026,-0.09865451,-0.036934118,-0.12086915,0.01568915,-6.94E-18,1.39E-17,1.39E-17,1.39E-17,1.39E-17,1.39E-17,0.019367974,-0.021954641,-0.062730327,0.010103268,0.014994118,1.39E-17,1.39E-17,1.39E-17,1.39E-17,1.39E-17,0.013474248,-0.055050719,0.024997908,0.080579739,0.005050458,1.39E-17,bosnia
1.39E-17,0.269033072,0.586769673,0.300210065,-1.11E-16,-1.11E-16,-1.11E-16,-1.39E-17,1.39E-17,1.39E-17,1.39E-17,1.39E-17,-0.21362,0.078828366,0.005888758,-1.11E-16,-1.11E-16,-1.39E-17,1.39E-17,1.39E-17,1.39E-17,1.39E-17,0.052470719,0.348811765,0.329731503,-1.11E-16,-1.11E-16,-1.39E-17,1.39E-17,1.39E-17,1.39E-17,1.39E-17,1.39E-17,-0.286559608,0.072939608,-1.11E-16,-1.11E-16,-1.39E-17,1.39E-17,1.39E-17,1.39E-17,1.39E-17,1.39E-17,0.033578954,0.320138562,0.350448105,-1.11E-16,-1.39E-17,1.39E-17,1.39E-17,1.39E-17,1.39E-17,1.39E-17,1.39E-17,-0.277508497,-0.066699477,-0.075750588,-1.39E-17,1.39E-17,1.39E-17,1.39E-17,1.39E-17,1.39E-17,1.39E-17,0.012439869,0.281472941,0.359499216,0.072939608,1.39E-17,1.39E-17,1.39E-17,1.39E-17,1.39E-17,1.39E-17,1.39E-17,1.39E-17,-0.062953072,0.072939608,1.39E-17,1.39E-17,bosnia
0.02140902,0.10639817,0.132171895,-0.05028549,0.033501307,0.022383529,0.022383529,0.023502222,0.022480392,0.016720915,0.009795163,-0.061951111,0.066889542,0.040224183,-0.007235033,0.006647974,0,0,8.33E-17,4.16E-17,-1.39E-17,0.012226013,-0.135193072,0.131445229,-0.022061699,0.010946797,0.008704444,0,8.33E-17,4.16E-17,-1.39E-17,0,0.006997255,-0.16282732,0.131335686,-0.124821176,0.006459477,0.002718824,8.33E-17,4.16E-17,-1.39E-17,0,0.000277778,0.014557647,-0.094975163,0.102825882,-0.176199869,0.008424052,8.33E-17,4.16E-17,-1.39E-17,0,-2.78E-17,0.001212941,0.011481961,-0.037307712,0.129321961,-0.092298693,0.011224575,4.16E-17,-1.39E-17,0,-2.78E-17,-2.78E-17,0.008210196,-0.022301569,0.047681438,0.135472941,-0.02455817,0.005058039,-0.000367059,0.000282745,0.000282745,0.000282745,0.000282745,0.018112157,-0.080512026,-0.002103399,0.040946013,0.006803791,bosnia
-0.128221438,0.028750719,0.04525085,0.030176993,0.013962614,0.004544183,0.002378824,0.019878301,0.004104837,-0.008763922,0.050491765,-0.066309412,0.032144052,-0.14441098,0.012127059,0.029529412,0.04859634,0.008520261,0.017646013,-0.006002614,0.017015948,0.017006013,-0.058923268,0.054596601,-0.086276863,-0.000577778,0.050737124,0.068373464,0.058640654,0.007354641,0.015224967,0.045317778,-0.002023791,0.028023137,0.074749673,-0.037791765,0.008324314,0.031221438,0.030554118,0.001666928,0.001594902,0.010100392,-0.002718301,-0.100110196,0.048931242,0.023968235,-0.009899085,-0.038101961,-0.06201098,0.044875817,-0.003638824,-0.004563791,0.02081817,0.017558954,-0.11811085,0.040053595,-0.156359216,-0.038526667,0.028789673,0.063402353,-0.005536601,-0.004015817,0.003541961,-0.024449412,-0.027438431,-0.14040549,0.026356863,-0.006562614,0.083226797,-0.035519739,0.003735425,0.002244706,-0.003653725,-0.001870327,0.039545752,0.036008758,-0.009777647,0.039528105,-0.041725882,0.012637778,bosnia
0.006671634,0.006949412,0.006949412,0.03321634,0.082301046,0.07447281,0.022684444,0.006949412,0.006949412,0.008264183,0.011236863,0.011331111,0.021928105,0.08364,0.107320261,0.172277255,0.122768105,0.023337124,0.011331111,0.010301699,0.773624314,0.772880261,0.774661307,0.522529804,0.33503098,0.294914118,0.500376209,0.77690366,0.773063791,0.773624314,0.40430719,0.408886144,0.408980392,0.446137516,0.239178824,0.244432941,0.439896863,0.40925817,0.409163922,0.404584967,0.028123529,0.012070196,0.02048902,-0.052408366,0.048221046,0.063146275,-0.043815948,0.021518431,0.012070196,0.028123529,-0.251702353,-0.255427843,-0.247386013,-0.303705621,0.029044444,0.031946536,-0.304722745,-0.248321176,-0.255427843,-0.251702353,0.033390196,0.033390196,0.033390196,0.044840654,-0.054631111,-0.05471281,0.043072157,0.033390196,0.033390196,0.033390196,-0.006741961,-0.006741961,-0.006741961,-0.004683137,0.00044902,0.00044902,-0.004683137,-0.006741961,-0.006741961,-0.006741961,croatia
-2.78E-17,-2.78E-17,-2.78E-17,0.018683791,0.074949673,0.068825752,0.013678562,9.42E-05,-2.78E-17,-2.78E-17,0.009264706,0.009264706,0.01114,0.098458954,0.209369542,0.240324183,0.129406013,0.01114,0.009264706,0.009264706,0.785784314,0.785784314,0.790760392,0.754541569,0.374371503,0.311517255,0.75458915,0.78981268,0.785784314,0.785784314,0.25004902,0.25004902,0.250326797,0.278633856,0.202041307,0.21306719,0.279747582,0.250326797,0.25004902,0.25004902,0.009264706,0.009264706,0.010294118,0.008887712,0.039122614,0.037998954,0.008699216,0.010294118,0.009264706,0.009264706,-0.545298039,-0.545298039,-0.544546405,-0.544179346,-0.07222732,-0.06457268,-0.544551373,-0.544546405,-0.545298039,-0.545298039,0.038450588,0.038450588,0.038450588,0.048179216,-0.027189804,-0.031106405,0.048273464,0.038450588,0.038450588,0.038450588,-1.39E-17,-1.39E-17,-1.39E-17,-1.39E-17,0.005990588,0.006268366,-1.39E-17,-1.39E-17,-1.39E-17,-1.39E-17,croatia
-0.01096902,-0.01096902,-0.007508758,0.006737908,0.061134248,0.047727712,0.005419869,-0.007141699,-0.007141699,-0.009567582,0.013186275,0.01496732,0.030649804,0.141854248,0.17801098,0.220356209,0.152914641,0.024081176,0.013937908,0.013374771,0.809464575,0.809276078,0.810121961,0.534577778,0.306142484,0.24789098,0.594866928,0.81030549,0.809553856,0.809831634,0.321719477,0.32153098,0.324896993,0.406606536,0.267336863,0.259017516,0.395496601,0.324896993,0.32153098,0.321253203,0.013186275,0.013186275,0.016552288,0.031603399,0.106594902,0.086296993,0.039275556,0.016552288,0.013186275,0.013186275,-0.752726144,-0.752542614,-0.750300261,-0.559364837,-0.03469268,-0.049066797,-0.584114771,-0.750389542,-0.752726144,-0.752354118,0.008125882,0.008125882,0.007848105,0.02189281,-0.015690327,-0.017565621,0.022170588,0.008220131,0.008125882,0.008314379,0.000282745,0.000282745,0.000282745,0.000188497,0.004668235,0.004668235,0.000188497,0.000188497,0.000188497,0.000282745,croatia
-0.003031634,-0.003309412,-0.002746275,0.006675425,0.044606144,0.035984837,0.004650719,-0.002746275,-0.003125882,-0.002104052,0.011331111,0.01114,0.013484183,0.080899869,0.156695163,0.197297908,0.107118301,0.013484183,0.01114,0.011519608,0.764080523,0.764737908,0.768868105,0.743699739,0.390483922,0.274111895,0.692335948,0.76802719,0.764737908,0.764926405,0.336778693,0.335290588,0.335290588,0.340779608,0.240525752,0.246325229,0.353150065,0.335568366,0.335290588,0.335290588,0.010098039,0.010098039,0.011033203,0.012072549,0.043255425,0.046210327,0.011206536,0.012156863,0.010098039,0.010098039,-0.686338039,-0.686338039,-0.686338039,-0.589767712,-0.035643922,0.015288889,-0.513667712,-0.685120131,-0.686338039,-0.687367451,0.003361046,0.00280549,0.00280549,0.003646405,-0.056805229,-0.073537516,0.006640392,0.00280549,0.00280549,0.003361046,0,0,0,0,0.009733595,0.012722614,0.001498301,0,0,0,croatia
0.001870327,0.00280549,0.002899739,0.06822915,0.159221176,0.149982484,0.066020392,0.00280549,0.00280549,0.00280549,-1.39E-17,-1.39E-17,0.000828366,0.149632026,0.224979608,0.339306013,0.206795163,0.003834902,-1.39E-17,-1.39E-17,0.819218039,0.819218039,0.817436993,0.679539346,0.299033725,0.260113725,0.672870065,0.817531242,0.819218039,0.819218039,0.126041046,0.126976209,0.129035033,0.228835425,0.174344314,0.185362614,0.224603399,0.127544314,0.125763268,0.126041046,0.007009804,0.007009804,0.008974379,-0.011158301,0.054969673,0.073665098,-0.019867451,0.010003791,0.007009804,0.007009804,-0.535080654,-0.535080654,-0.534802876,-0.521331765,-0.026737516,0.001279216,-0.511786667,-0.537511503,-0.53928,-0.53928,0.049566667,0.049566667,0.049566667,0.063764837,-0.026073725,-0.033249542,0.064794248,0.048626536,0.049561699,0.052176078,0,0.00130719,0.00130719,0,0.010144706,0.010144706,1.39E-17,1.39E-17,1.39E-17,1.39E-17,croatia
0.000277778,0.000833333,0.001781046,0.024149804,0.086365359,0.066837516,0.027777778,0.002904706,0.000833333,0.000833333,0.010098039,0.010098039,0.017713595,0.14624366,0.177959346,0.241260392,0.174875686,0.033467843,0.010571895,0.010098039,0.799353987,0.799353987,0.802347974,0.58583098,0.282202222,0.288133987,0.574192026,0.799631765,0.799076209,0.799733595,0.240441176,0.240441176,0.243990719,0.339107712,0.22821281,0.25664183,0.356309804,0.242683529,0.241098562,0.242968889,0.010098039,0.010098039,0.014215686,0.030083529,0.07604549,0.114557386,0.008917255,0.015522876,0.010098039,0.009820261,-0.706426275,-0.706426275,-0.705029804,-0.624744706,-0.078368235,-0.029066797,-0.559831111,-0.704657778,-0.70670902,-0.706520523,0.023001569,0.023001569,0.023001569,0.031708105,-0.009082614,-0.014856993,0.03199085,0.023001569,0.02290732,0.023001569,0,0,9.42E-05,0.000188497,0.003266797,0.004479739,0.000188497,0.000282745,0.000188497,0.000282745,croatia
-0.000907451,0.011401438,0.016794771,0.052286536,0.075010327,0.075366667,0.022724967,0.005927582,-0.001294641,0.001032026,0.012647059,0.016062092,0.080092549,0.153011373,0.130633725,0.163730327,0.113413464,0.020319216,0.004529935,0.014468366,0.770964052,0.758513072,0.739297386,0.366502222,0.353067843,0.321128105,0.636518693,0.763402484,0.683251634,0.698186275,0.138366013,0.159199346,0.127291373,0.286321176,0.231796209,0.194767451,0.27604719,0.126683007,0.203337124,0.406029412,0.020275425,-0.052738693,0.034535163,0.167944183,0.14741451,0.04739817,0.066044052,0.012241176,0.11336366,0.082737778,-0.666594771,-0.636891503,-0.645205882,-0.316053725,0.041840523,-0.045916732,-0.501326144,-0.66809281,-0.681462353,-0.674338693,0.017588758,0.005484314,0.005776993,0.003713203,-0.076644052,-0.063409412,0.013548105,0.017298431,0.010566667,0.0057,-0.00270366,-0.000466275,-0.000277778,0.005975425,0.024791634,0.016755033,0.005618039,0.00469281,0.003281699,-0.000654771,croatia
-0.000907451,0.011862745,0.011451634,0.043249412,0.064564183,0.064421569,0.017364314,0.005739085,-0.001294641,0.000848497,0.017050065,0.020742876,0.086755425,0.153460131,0.130206536,0.163628497,0.115276209,0.023313203,0.006784837,0.015959085,0.784150327,0.767777778,0.749313725,0.34257451,0.370926144,0.318790327,0.637326928,0.769199346,0.69877451,0.680751634,0.202189542,0.224513595,0.18783817,0.309967582,0.235580915,0.214278693,0.309595556,0.194807712,0.246706928,0.461151373,0.005154641,-0.060294118,0.021548235,0.211200131,0.143333333,0.044575163,0.091475556,0.000947712,0.11421451,0.078826144,-0.671002222,-0.605920523,-0.620495948,-0.250753856,0.012696601,-0.018366275,-0.412994641,-0.638153595,-0.695382484,-0.762741699,0.031211242,0.019764183,0.018655425,0.014451111,-0.117337255,-0.093539216,0.029693333,0.032324967,0.02474732,0.012317908,-0.000285098,0.000374641,0.000285359,0.011571242,0.02899098,0.016660784,0.00431085,0.002535033,0.002629281,-0.000560523,croatia
2.78E-17,2.78E-17,0.000751634,0.025372941,0.092255033,0.090839608,0.025909542,0.001029412,2.78E-17,2.78E-17,0.003088235,0.003088235,0.004685752,0.087439739,0.137152941,0.15163817,0.088709542,0.004685752,0.003088235,0.003088235,0.688220392,0.688220392,0.69225634,0.667740392,0.343252026,0.345644706,0.665826013,0.69103085,0.688220392,0.688220392,0.149864314,0.149864314,0.150893725,0.205142092,0.154567582,0.15287085,0.198764575,0.150893725,0.149864314,0.149864314,0.006176471,0.006176471,0.007205882,0.005893725,0.038750588,0.037058824,0.00411268,0.007205882,0.006176471,0.006176471,-0.599743922,-0.599743922,-0.599743922,-0.578489804,-0.042536078,-0.034881438,-0.57530732,-0.599743922,-0.599743922,-0.599743922,0.012315294,0.012315294,0.012315294,0.020443791,-0.032123268,-0.033613987,0.020443791,0.012315294,0.012315294,0.012315294,0,0,0,0,0.013131111,0.013408889,0,0,0,0,croatia
0.009281046,0.011801176,0.016858954,0.039759608,0.090030196,0.089120131,0.039968235,0.021261961,0.012091503,0.014991242,0.009068627,0.010849673,0.014783791,0.090718824,0.135823399,0.138711373,0.084433203,-0.008247843,-0.050678693,-0.080858431,0.735336209,0.769393464,0.743929542,0.649612026,0.29694,0.28039098,0.666013464,0.763949673,0.777192549,0.731697386,0.202159216,0.211156078,0.207430588,0.200068889,0.13040183,0.141531895,0.217739869,0.21089085,0.210600523,0.198331895,0.055457778,0.052754118,0.022981438,0.010098039,0.032479869,0.033325752,0.010098039,0.029234641,0.056392941,0.054244837,-0.413940261,-0.460393595,-0.496192157,-0.405638954,-0.055173203,-0.055173203,-0.410217908,-0.486674771,-0.511626928,-0.466575033,0.057769281,0.031729673,0.022395817,0.052155948,-0.010055425,-0.008185098,0.052250196,0.047785621,0.047230065,0.042467582,0.001111373,-0.023172288,-0.013005098,-0.017015948,-0.020106797,-0.01982902,-0.01532915,-0.012441961,-0.007111373,-0.004774771,croatia
0.012126797,0.009423137,0.009896993,0.422699477,0.843019739,0.843954902,0.843954902,0.843954902,0.843954902,0.843019739,0.85761268,0.558429673,0.749406667,0.531932549,0.275674641,0.272795033,0.271487843,0.271487843,0.271487843,0.273169673,-0.082196471,-0.042078039,-0.044414641,0.075157778,0.902797908,0.891104706,0.891104706,0.891104706,0.891104706,0.891104706,0.138793333,0.089134771,0.131454118,-0.024912157,-0.452291242,-0.487384575,-0.488691765,-0.488691765,-0.488691765,-0.486077386,0.825338562,0.534331895,0.710229542,0.820134902,0.74805281,0.735831765,0.735831765,0.735831765,0.735831765,0.735831765,-0.097026928,-0.096193595,-0.096193595,-0.098530196,-0.098530196,-0.098530196,-0.098530196,-0.098530196,-0.098530196,-0.097026928,0.893910196,0.892975033,0.892975033,0.893910196,0.893910196,0.893910196,0.893910196,0.893910196,0.893910196,0.893910196,-0.198991111,-0.202731765,-0.202731765,-0.202731765,-0.202731765,-0.202731765,-0.202731765,-0.202731765,-0.202731765,-0.198991111,grecee
0.02271098,0.036435294,0.04875817,0.288749804,0.449638431,0.46634915,0.542617778,0.627987712,0.691817647,0.738190196,0.823261307,0.502226536,0.47671268,0.363888889,0.195649935,0.197234902,0.225970588,0.246174248,0.26104732,0.258723268,0.006347451,0.01297268,0.035556993,0.037521569,0.31269085,0.334057255,0.465527451,0.632592288,0.779842745,0.857497386,0.129597255,0.082288105,0.074873595,0.009815294,-0.100066144,-0.115261046,-0.132056078,-0.189636863,-0.259659869,-0.312545882,0.736644575,0.45004549,0.341422745,0.346879085,0.216009673,0.221327712,0.305391895,0.422726667,0.542363922,0.598740261,-0.195464967,-0.182732418,-0.161613725,-0.127180392,-0.108415817,-0.108787843,-0.127552418,-0.160495033,-0.199058562,-0.218604837,0.78379268,0.69229817,0.576723399,0.468231111,0.355031503,0.360349542,0.472430458,0.619260131,0.763957778,0.84318719,-0.263902745,-0.287858431,-0.261396601,-0.226925621,-0.200975294,-0.200975294,-0.229825359,-0.26429634,-0.287845882,-0.294885752,grecee
0.008671503,0.005873595,0.006625229,0.350261438,0.701706928,0.701984706,0.701984706,0.701984706,0.701984706,0.701984706,0.719171895,0.481342092,0.641716601,0.443816732,0.224293987,0.230269412,0.230269412,0.230269412,0.230269412,0.230269412,-0.069568105,-0.037863529,-0.039076471,0.066275033,0.765480784,0.757528235,0.757528235,0.757528235,0.757528235,0.757528235,0.078626797,0.047008889,0.073810327,-0.059087843,-0.347307712,-0.380049281,-0.381356471,-0.381356471,-0.381356471,-0.381356471,0.681097124,0.456708889,0.603800261,0.686524575,0.65060549,0.646316863,0.646316863,0.646316863,0.646316863,0.646316863,-0.083937255,-0.079737908,-0.079737908,-0.083843007,-0.083937255,-0.083937255,-0.083937255,-0.083937255,-0.083937255,-0.083937255,0.757528235,0.756593072,0.757528235,0.757528235,0.757528235,0.757528235,0.757528235,0.757528235,0.757528235,0.757528235,-0.122817647,-0.122817647,-0.122817647,-0.122817647,-0.122817647,-0.122817647,-0.122817647,-0.122817647,-0.122817647,-0.122817647,grecee
0.078755686,0.041566797,0.069709542,0.250913725,0.390734641,0.393438301,0.393716078,0.393716078,0.393438301,0.393160523,0.42774,0.228272549,0.402940784,0.265828497,-0.02842549,-0.032064314,-0.032999477,-0.033277255,-0.032999477,-0.032721699,-0.096562614,-0.051634771,-0.070927451,0.002520131,0.331447843,0.325762745,0.325762745,0.325762745,0.325762745,0.325762745,0.29491634,0.156774641,0.277942745,0.265086797,0.281301176,0.281023399,0.281301176,0.281301176,0.281023399,0.280745621,0.151471503,0.16423817,0.15883085,0.149608758,0.14933098,0.149608758,0.149608758,0.14933098,0.149608758,0.149886536,0.383469542,0.385984706,0.388410588,0.388410588,0.388410588,0.388410588,0.388410588,0.388410588,0.388410588,0.388410588,0.339940784,0.343763137,0.342550196,0.342550196,0.342550196,0.342550196,0.342550196,0.342550196,0.342550196,0.342550196,-0.328002484,-0.334989804,-0.334989804,-0.334989804,-0.334989804,-0.334989804,-0.334989804,-0.334989804,-0.334989804,-0.334989804,grecee
0.054986536,0.030853987,0.017941438,0.286301699,0.580775948,0.569286405,0.575420261,0.610766928,0.647264444,0.672061438,0.547109804,0.39563451,0.370879346,0.342763137,-0.067790196,-0.0716,-0.090166144,-0.185489281,-0.278671634,-0.272344052,-0.465887974,-0.242110327,-0.213369412,-0.02077085,0.452539739,0.475736471,0.488141307,0.511328758,0.509962092,0.490433725,0.126147582,0.098183137,0.118688497,0.111606928,-0.21157817,-0.359570719,-0.400133203,-0.438587582,-0.440425882,-0.412267974,0.645315425,0.488420261,0.447522222,0.602683007,0.564416863,0.53093098,0.518372941,0.533452026,0.565953203,0.596869412,-0.251838693,-0.172620784,-0.124490327,-0.117780784,-0.138375686,-0.179950065,-0.21519451,-0.240849804,-0.263917908,-0.311991242,0.699269673,0.685406405,0.647001307,0.616575948,0.593629281,0.581311373,0.576630588,0.589615817,0.595616078,0.608966144,-0.338276732,-0.25433634,-0.232111503,-0.234147843,-0.274338301,-0.311728235,-0.323286928,-0.355956732,-0.394234902,-0.422062876,grecee
0.024742353,0.028663922,0.025392157,0.209944967,0.604613725,0.592844052,0.65577268,0.658481307,0.679584837,0.684813595,0.650704967,0.466975556,0.515485098,0.623770196,0.221064837,0.172520261,0.190820915,0.154219608,0.184284967,0.183349804,-0.059351634,-0.030983007,0.021222876,0.022978824,0.648457647,0.690295294,0.682844314,0.68078549,0.687909673,0.693138431,0.077418824,0.060542092,0.062305621,0.039721307,-0.233258431,-0.264613464,-0.230998562,-0.227076993,-0.236790458,-0.23753451,0.498176471,0.356232157,0.398880654,0.522363268,0.472155033,0.483346667,0.453281307,0.480732288,0.509207712,0.495299869,-0.245010588,-0.215696863,-0.232027974,-0.241828105,-0.194213725,-0.2099,-0.240059608,-0.221386928,-0.237073203,-0.268817778,0.698783268,0.667706013,0.664997386,0.593354641,0.59979634,0.644057255,0.644429281,0.655916209,0.667680915,0.653579608,-0.254240261,-0.253868235,-0.256204837,-0.255262092,-0.255825229,-0.264603529,-0.273476078,-0.263574118,-0.267495686,-0.228652026,grecee
0.003249281,0.004005882,0.031238301,0.582288497,0.828615294,0.829463529,0.827687451,0.833581176,0.832174771,0.807241307,0.794663399,0.45337085,0.731002484,0.242933072,-0.047750588,-0.040386275,-0.046366667,-0.032619869,-0.02786732,-0.02562,-0.228643268,-0.134880523,-0.183779869,0.330133595,0.778039608,0.786425752,0.822734379,0.81909817,0.801869281,0.770449804,0.088539216,0.047966797,0.063087582,-0.187658562,-0.500966797,-0.495373595,-0.494249935,-0.507755686,-0.496648366,-0.490705359,0.710034902,0.410394379,0.720933595,0.717862876,0.69173634,0.717612549,0.714348366,0.709287974,0.697528235,0.675159869,-0.288853333,-0.298273856,-0.293873464,-0.28725085,-0.275014902,-0.285467451,-0.292724967,-0.290405882,-0.276220261,-0.260449673,0.795115033,0.817600131,0.823858301,0.825743529,0.842461569,0.83788732,0.836299739,0.837604575,0.837974248,0.841062484,-0.295506797,-0.309885882,-0.314090196,-0.313534641,-0.329027451,-0.356071373,-0.369503007,-0.366246405,-0.352065752,-0.339760392,grecee
0.012221046,0.006808758,0.00783817,0.385597255,0.725819608,0.725819608,0.725819608,0.725819608,0.725819608,0.726008105,0.736302222,0.454504183,0.668314118,0.413997386,0.139694118,0.120304837,0.120027059,0.120027059,0.120027059,0.119749281,-0.127870458,-0.067901438,-0.077413856,0.095920784,0.766423268,0.758376471,0.758376471,0.758376471,0.758470719,0.757629804,0.082672941,0.049727712,0.083432157,-0.076224575,-0.365180915,-0.392324052,-0.39390902,-0.39390902,-0.39390902,-0.39390902,0.684519739,0.429563137,0.627562222,0.68379817,0.613371373,0.603201569,0.603201569,0.603201569,0.603201569,0.603201569,-0.302253203,-0.30001085,-0.301040261,-0.305051111,-0.305051111,-0.304956863,-0.304956863,-0.304956863,-0.305051111,-0.305145359,0.745284183,0.741260784,0.741260784,0.741260784,0.742195948,0.743131111,0.743131111,0.743131111,0.742195948,0.742195948,-0.323967974,-0.326582353,-0.326582353,-0.326582353,-0.326582353,-0.326582353,-0.326582353,-0.326582353,-0.326582353,-0.326582353,grecee
0.000907712,0.012037516,0.024737386,0.276844444,0.521981046,0.549766667,0.526475033,0.500959216,0.547524967,0.531099608,0.585254248,0.403672941,0.583530719,0.374542745,0.140979085,0.151332418,0.12757451,0.194147582,0.200884575,0.16126183,-0.035050719,0.04589085,0.017790065,-0.036226405,0.52505817,0.566900523,0.62933281,0.596620654,0.536448235,0.616191765,0.100631111,0.011531242,0.00103634,-0.050382222,-0.236904575,-0.222981176,-0.247333987,-0.296725098,-0.240480915,-0.232687059,0.557275163,0.278276993,0.397099608,0.483879739,0.526109281,0.555489804,0.503134771,0.46987268,0.558560523,0.576910458,-0.08340915,-0.046696078,-0.029886144,-0.026048889,-0.034075556,-0.112355817,-0.060512026,-0.027065752,-0.034536863,-0.100764706,0.556501046,0.592316863,0.617992026,0.652512026,0.654260654,0.592669281,0.610439216,0.681550588,0.698040392,0.637621961,-0.084210065,-0.086162092,-0.096158301,-0.104001438,-0.095984706,-0.08962732,-0.087186536,-0.096421176,-0.11083268,-0.088692157,grecee
0.000907712,0.012037516,0.024737386,0.276844444,0.521981046,0.549766667,0.526475033,0.500959216,0.547524967,0.531099608,0.585254248,0.403672941,0.583530719,0.374542745,0.140979085,0.151332418,0.12757451,0.194147582,0.200884575,0.16126183,-0.035050719,0.04589085,0.017790065,-0.036226405,0.52505817,0.566900523,0.62933281,0.596620654,0.536448235,0.616191765,0.100631111,0.011531242,0.00103634,-0.050382222,-0.236904575,-0.222981176,-0.247333987,-0.296725098,-0.240480915,-0.232687059,0.557275163,0.278276993,0.397099608,0.483879739,0.526109281,0.555489804,0.503134771,0.46987268,0.558560523,0.576910458,-0.08340915,-0.046696078,-0.029886144,-0.026048889,-0.034075556,-0.112355817,-0.060512026,-0.027065752,-0.034536863,-0.100764706,0.556501046,0.592316863,0.617992026,0.652512026,0.654260654,0.592669281,0.610439216,0.681550588,0.698040392,0.637621961,-0.084210065,-0.086162092,-0.096158301,-0.104001438,-0.095984706,-0.08962732,-0.087186536,-0.096421176,-0.11083268,-0.088692157,grecee
0.007944967,0.008599739,0.008969412,0.038349935,0.126410065,0.131361046,0.043950719,0.007577908,0.007391765,0.008423791,0.015334118,0.002721176,0.191878301,0.248494118,0.304120523,0.308133725,0.256247974,0.191885882,0.011308366,0.010189673,-0.000922614,0.007106667,-0.018359869,-0.073413203,0.36215268,0.418500784,-0.008019216,-0.01827817,0.006548497,0.006372288,-0.005893725,0.000833333,0.025679477,0.386458693,0.387212941,0.356822614,0.325477386,0.03398915,0.003738039,0.002889804,0.000372288,-0.00234915,0.004288889,0.229789673,0.215162614,0.222971634,0.320958824,0.10031098,0.002242353,0.010194641,-0.008336863,-0.004588627,0.004750458,-0.072572157,-0.071617647,0.033468366,-0.196784706,0.014124314,0.006176471,0.00467817,-0.001528105,-0.004698039,-0.00580915,-0.002264575,-0.169078301,-0.097336863,-0.002981438,0.002336601,0.002902092,0.007478431,0.005050196,0.001952026,0.003822353,0.00438549,-0.022839869,0.005673072,-0.002346536,0.000845882,0.000756601,0.003842222,kosovo
-0.015187385,-0.013995148,-0.011569266,0.028467999,0.109299131,0.094919226,0.034702866,-0.01119724,-0.013995148,-0.015187385,0.001809471,0.009423137,0.19486183,0.283663399,0.280587712,0.314914248,0.264355817,0.155319085,0.007180784,0.001809471,-1.39E-17,0.002797908,-0.051391765,-0.053078562,0.309273856,0.358896732,0.032817908,-0.100839085,0.002520131,1.39E-17,-1.39E-17,0.002331634,0.043669935,0.334382876,0.295653987,0.262870458,0.268175948,0.055022614,0.001212941,1.39E-17,-1.39E-17,0.000277778,0.007448627,0.138381699,0.132701569,0.112863268,0.21400183,0.094523268,0.001674248,1.39E-17,-1.39E-17,2.78E-17,0.008383791,-0.055774248,-0.085298562,-0.016856863,-0.155508758,0.006615294,2.78E-17,1.39E-17,-1.39E-17,0.000282745,0.000282745,0.004472157,-0.129990327,-0.015264314,0.002797908,0.001679216,0.000282745,1.39E-17,0.017906348,0.014277893,0.014277893,0.017165083,0.020206572,0.022661684,0.015213057,0.014277893,0.014277893,0.017906348,kosovo
0,0.001212941,0.002520131,0.089573333,0.203601307,0.211533725,0.101055294,0.002520131,0.000277778,0,0,0.001584967,0.15228366,0.307087451,0.313439869,0.312494771,0.312499739,0.163013987,0.001212941,0,0,0.00783817,-0.085101176,-0.011156993,0.453293203,0.469413595,0.023891634,-0.094430065,0.005412288,0,0,0.00158,0.089891111,0.450624183,0.350838431,0.345173464,0.355873725,0.056725098,0.001118693,0,0,0.002515163,0.053753595,0.238216601,0.168885621,0.184475556,0.319371765,0.123520784,0.002515163,0,0,0,0.009966405,-0.166563922,-0.040182484,-0.008130196,-0.203740784,0.009966405,0,0,0,0,0.002331634,0.014535425,-0.200303007,-0.038193725,0.005124575,0.002237386,0,0,0,0,0,0.008941961,-0.009415817,0.019843529,0.001118693,0,0,0,kosovo
0.005233725,0.005516471,0.002425882,0.067338562,0.181616863,0.18563268,0.074908889,0.002619346,0.004586275,0.00412,0.015616863,0.002160654,0.179481307,0.252514902,0.284726013,0.292653464,0.260916209,0.17771281,0.010278954,0.009539869,-0.000458693,0.007106667,-0.049429804,-0.047396078,0.367294771,0.431009804,0.029852157,-0.048968497,0.005891111,0.008604706,-0.00646183,0.000175948,0.024188758,0.391583268,0.388425882,0.333915948,0.328739216,0.038173595,0.003921569,0.003921569,-0.001215294,-0.002802876,0.004288889,0.205858562,0.193089281,0.214495948,0.309975556,0.099477647,0.00214549,0.010194641,-0.007853072,-0.003938824,0.005028235,-0.071175686,-0.074227059,0.031883399,-0.194264575,0.01431281,0.005057778,0.005985359,-0.001237778,-0.003673595,-0.00580915,-0.002170327,-0.16768183,-0.100697908,-0.003549542,0.001959608,0.00467817,0.006268105,0.005045229,0.001401438,0.003450327,0.004291242,-0.025355033,0.006980261,-0.000945098,0.000282745,0.002721176,0.006178824,kosovo
0.008416209,0.021602222,0.063618039,0.236719869,0.290944575,0.29494549,0.194048889,0.059904837,0.006352418,-0.014684314,-0.01206,0.16966902,0.251505621,0.255452026,0.157100392,0.159382484,0.221470065,0.299613725,0.151720523,0.052372288,0.00243085,-0.023068105,-0.127027712,0.022182484,0.222288366,0.194214771,-0.002785621,-0.140213725,-0.013061961,0.039560654,0.009165229,-0.00796719,0.032233333,0.169643791,0.298367843,0.313801176,0.144172288,0.032220784,0.01848915,-0.005327974,0.014778562,0.006642745,-0.00224732,0.255903137,0.223828627,0.213820131,0.246088105,-0.02431085,-0.02543451,0.009343791,0.008698954,0.004115033,0.011754771,-0.029130065,-0.065951765,-0.037846144,-0.044697255,0.056586536,0.059195948,0.049566797,0.011040523,0.015616863,-0.006630196,0.014575163,-0.073574248,0.026044575,0.032253203,0.011596078,0.041807974,0.039005098,0.004583922,0.012156601,0.000282745,-0.00767451,0.007267712,0.006069673,0.015339085,0.026835948,-0.001867712,-0.002904706,kosovo
0.011973072,0.011506797,0.011705229,0.095064967,0.134002876,0.115717124,0.084932549,0.021331634,0.009452941,-0.00243085,0.019642614,0.007411634,0.110771111,0.160920392,0.171496993,0.103327451,0.175740915,0.099060915,0.015611895,0.00130719,0.018893595,-0.001049281,-0.005898824,0.081364967,0.158724444,0.216843137,0.092737778,0.007292549,0.011581176,0.003648758,0.007763791,-0.008887451,0.008869804,0.258188889,0.356353856,0.161948889,0.058723791,-0.001500654,-0.005144444,0.001029412,-0.008604706,-0.013937647,-0.019359869,-0.008408627,-0.037310588,0.066068235,0.124846667,0.030920654,-0.009916863,-0.010566667,-0.015244837,-0.007481046,-0.015081176,-0.018821438,-0.083419346,-0.041405752,-0.046552418,-0.016214771,-0.011596078,-0.013843399,-0.001778431,0.004023399,0.001282353,0.014889935,-0.122492941,-0.111876732,-0.013004706,0.01150183,-0.005990327,-0.001217908,0.001029412,0.004955948,0.005392418,-0.045354379,-0.009408235,0.001669281,0.010745229,0.010571634,-0.000183529,0.003465229,kosovo
0,0.001212941,0.002520131,0.079688889,0.191658039,0.198561046,0.089389804,0.002520131,0.001212941,0,0,0.002520131,0.146030458,0.296357124,0.315024837,0.314365098,0.299343529,0.149857778,0.001584967,0,0,0.009145359,-0.074648627,-0.018526275,0.453762092,0.469041569,0.016420523,-0.085101176,0.00783817,0,0,0.002515163,0.082623399,0.447186405,0.353366144,0.342278693,0.365378824,0.061294118,0.001118693,0,0,0.002515163,0.032880654,0.205975817,0.160968105,0.182148889,0.296923791,0.103032418,0.002515163,0,0,0,0.008847712,-0.138056209,-0.072691111,-0.03970366,-0.181377124,0.011085098,0,0,0,0,0,0.01351098,-0.192005882,-0.006337516,0.005030327,0.002515163,0,0,0,0,0,0.00754549,0.005030327,0.01351098,0,0,0,0,kosovo
0.005417255,0.005794248,0.00681634,0.059701438,0.16166183,0.155887451,0.053735948,0.005335556,0.005521438,0.005896078,0.011226667,0.001977124,0.181629412,0.255307843,0.285554379,0.305524314,0.254757255,0.183958431,0.011774641,0.01037817,0.003651373,0.004023399,-0.038982222,-0.045349804,0.380895033,0.429040261,0.005511634,-0.037307974,0.008513072,0.008054118,-0.005156993,0.000257647,0.029313333,0.400994118,0.38311281,0.33978719,0.33749268,0.039664314,0.003738039,0.00484915,-0.000280131,-0.001969542,0.004941307,0.192159085,0.18004719,0.218117255,0.299624575,0.084664444,0.002239739,0.009733333,-0.009160261,-0.004670588,0.004281569,-0.073224575,-0.083429281,0.015413464,-0.180019477,0.014590588,0.005707582,0.005327974,-0.001426275,-0.002549935,-0.005442092,0.000441699,-0.17737281,-0.057652418,0.001207974,9.42E-05,0.002346536,0.006650065,0.002624314,-0.000741699,-0.001309804,0.002319346,-0.013714379,0.000347451,-0.00636,-0.001212941,-0.001113725,-8.43E-05,kosovo
0.005238693,-0.004487059,0.024241438,0.009780261,0.059564837,0.065654379,0.041862484,0.013952549,-0.018794379,-0.004020784,0.044231242,0.020850588,0.121372418,0.201758431,0.200126144,0.226612157,0.204085098,0.171286405,0.009470458,-0.028053856,0.040962092,0.036757778,-0.03838732,-0.073098039,0.236896863,0.237337908,-0.102119869,-0.004893725,0.032984967,0.003842222,-0.00337098,0.024973203,0.017025882,0.220820261,0.28277634,0.23797817,0.163458824,0.005506536,0.021319477,0.020562876,-0.018236209,0.019823791,0.029544575,0.039502484,0.091507451,0.175367843,0.160465229,-0.006833987,0.012342745,0.024023137,-0.020295033,0.002708627,0.03812183,0.012481699,-0.167643791,-0.03051634,-0.030036993,0.035512418,-0.020012288,0.014967059,-0.002807843,-0.022348889,0.024320784,0.030941046,-0.079854118,-0.034664183,0.02673451,0.055924183,0.03450549,-0.015991503,0.032545882,0.018705098,0.015807974,0.031603399,0.027004575,0.014857908,-0.001495686,0.043670719,0.052181176,0.012253464,kosovo
0.003648758,-0.002713595,-0.001312157,-0.004777386,0.01086915,0.009373464,-0.002252288,0.000282745,-0.000845882,0.008607059,0.005327974,0.11344732,0.242372549,0.195147712,0.231937386,0.212981961,0.206014902,0.247740784,0.096568235,0.031903399,-0.000555556,0.038816209,0.070808758,-0.083602876,-0.051710065,-0.025898562,-0.103947451,0.075573856,0.029941307,0.032741699,-0.005896078,0.010184706,0.031025359,0.067465098,0.204666928,0.265578562,0.105095294,0.01549281,0.005690065,0.017777255,-0.001029412,0.005332941,0.02096732,0.207559477,0.227055425,0.256202353,0.244184706,0.007148758,0.003653725,0.004400392,0.012538824,0.003366013,0.020550588,0.003490065,-0.088372288,-0.033865098,-0.045359216,0.015805359,-0.015626797,-0.015252157,0.020773856,0.023576732,0.010477386,0.007185752,-0.058666928,-6.44E-05,0.006446667,-0.009924183,-0.007111373,-0.010665882,0.027314771,0.011318301,-0.005806797,0.003738039,0.009150327,0.011303399,0.002897124,0.001401438,0.002619346,0.005144444,kosovo
0.029996732,0.42362549,0.312320261,0.007101699,-0.037381176,-0.036351765,0.008131111,0.278965098,0.438865882,0.085604706,-0.001592549,0.056719085,0.378018954,0.322607059,-0.068035294,-0.072147974,0.297090065,0.397275163,0.13429451,-0.027665098,0.149155294,0.062615425,-0.155502745,0.314381699,0.381015556,0.390453856,0.29934,-0.089337778,0.053365621,0.134579869,0.662786144,0.588862092,0.522133987,0.304008235,0.454654248,0.489793072,0.270739739,0.518956471,0.581666144,0.657175163,-0.460359477,-0.52026366,-0.284384967,-0.011308627,-0.03438719,-0.015510588,0.008225359,-0.236813856,-0.52026366,-0.4711,0.031405752,0.348957386,0.448018824,0.304563791,0.122797386,0.126910065,0.262608627,0.437836471,0.386807451,0.02345817,0.537175686,0.453155948,0.065507582,0.024765359,0.171678301,0.177003922,0.035796209,-0.003740654,0.485211503,0.550076863,0.63408902,-0.155502745,0.017197386,0.020563399,0.123169412,0.13980366,0.033362745,0.016262222,-0.205318824,0.603715294,makedonija
-0.221240784,0.194561046,0.336378562,-0.000461307,-0.02886549,-0.023363922,0.036346797,0.328155556,0.160444052,-0.236124052,0.026446928,-0.210448889,0.299583007,0.260140392,-0.052412941,-0.031115425,0.237818431,0.29722366,-0.127014771,0.024355425,0.203296993,0.09165451,-0.125486144,0.204557516,0.294733856,0.26932366,0.185224575,-0.058023922,0.106530196,0.226147712,0.583524052,0.563828758,0.490291634,0.328451111,0.442274118,0.382262876,0.393665752,0.510003922,0.578694248,0.584136863,-0.324427712,-0.439823137,-0.36422719,-0.132126536,-0.045333987,-0.029451373,-0.113173203,-0.432366928,-0.414596471,-0.266992288,0.029188758,0.143855294,0.320831765,0.268668889,0.140520261,0.113802876,0.324978039,0.32918,0.107914118,0.042788497,0.233656993,0.392605359,0.230099869,0.005118431,0.117375163,0.114663922,-0.031107843,0.358995817,0.437275294,0.206935556,0.425446405,0.197178039,-0.020635163,0.020239216,0.064992549,0.047321307,0.011425621,-0.074383007,0.356267059,0.463913595,makedonija
-0.139837255,0.272614771,0.274097908,0.038340915,0.015501307,0.017830327,0.025584444,0.192842092,0.063935686,-0.299692549,0.034912418,-0.012304444,0.268659346,0.289864967,-0.21998902,-0.022891895,0.315445359,0.230896732,-0.117998431,0.050599869,0.276985098,0.136044314,-0.159695033,0.31334366,0.667194379,0.583969412,0.233863529,0.048311111,0.217483922,0.354014641,0.713910458,0.687835294,0.507465229,0.160013464,0.346170719,0.265465882,0.327911765,0.62744,0.654763137,0.674939346,-0.511933072,-0.392878954,0.036933333,0.177783922,-0.053064837,-0.04784366,0.044675686,-0.201071111,-0.414788627,-0.559552941,0.024390719,0.416161176,0.386380654,0.164986013,0.127967843,0.102269935,0.335671111,0.455324575,0.281644052,0.034423399,0.470978954,0.52621268,-0.092782876,0.027180131,0.286091503,0.255455163,-0.009403007,0.249549673,0.544820261,0.452074379,0.498872549,-0.214724837,0.018387582,0.023447059,0.076999085,0.048982745,0.01258549,-0.021894248,-0.031250588,0.600829935,makedonija
0.035768497,0.38898,0.284627974,0.001131242,-0.02616183,-0.026724967,0.005142092,0.262571242,0.401126928,0.074263399,0.006113725,0.040635425,0.33778,0.272292549,-0.046903791,-0.034687712,0.258583137,0.351335948,0.098656732,0.002321438,0.170636601,0.083727059,-0.176686144,0.228206797,0.428070719,0.433505752,0.230925621,-0.120649542,0.078860131,0.161004575,0.619615294,0.569444706,0.477695948,0.259205229,0.317715556,0.322564706,0.267591373,0.484020654,0.578383791,0.629968366,-0.476361046,-0.46832915,-0.190244706,-0.009629412,7.91E-05,0.011943268,-0.010095686,-0.158023137,-0.468153203,-0.484861569,0.005083399,0.320350327,0.360904052,0.243350327,0.120236993,0.113802876,0.242107059,0.38459451,0.381044967,0.024472418,0.450254641,0.408847451,0.002456209,0.017803399,0.167069281,0.173141569,0.029726536,-0.031596863,0.47747451,0.524842222,0.494990196,-0.176192157,0.010773203,0.007042745,0.050521569,0.061815033,0.01750549,0.010286797,-0.183800392,0.535491111,makedonija
0.130829281,0.33446915,0.164576863,0.005983007,-0.022428758,-0.024393333,0.004953595,0.192045882,0.345492418,0.106443529,-0.06243451,0.17690732,0.315589935,0.195411895,-0.044768235,-0.045140261,0.214102614,0.315773464,0.136718039,-0.037860261,0.083176471,0.028602876,-0.041488889,0.189808497,0.088135033,0.098220784,0.194104706,-0.082327974,0.035798824,0.090657778,0.503900131,0.442693725,0.404652549,0.21420183,0.341756732,0.322406275,0.237655033,0.410258562,0.446890719,0.505299216,-0.376518562,-0.399421176,-0.191021438,-0.029163399,-0.129988366,-0.129988366,-0.041402222,-0.217652157,-0.404456471,-0.373427712,0.023086144,0.319149673,0.318117647,0.174662353,0.129244314,0.122048366,0.204383922,0.331197386,0.304561699,0.018038301,0.431754771,0.398672157,-0.047846536,0.025425359,0.090838693,0.081772418,0.023830196,-0.003462876,0.390729542,0.434835425,0.418382092,-0.139707059,0.008972026,0.022342092,0.079624314,0.072150588,0.018038301,0.010184967,-0.153265621,0.446426797,makedonija
-0.236918301,0.141930065,0.285102614,-0.008612026,-0.040486667,-0.040114641,-0.008334248,0.287630327,0.143527582,-0.235983137,0.013268235,-0.14606732,0.278494379,0.226150588,-0.045321438,-0.04336183,0.227559608,0.277559216,-0.147002484,0.013268235,0.300362614,0.150832418,-0.048131895,0.183825752,0.274850588,0.290083399,0.183262614,-0.044391242,0.163545098,0.316905229,0.5966,0.585479869,0.50885451,0.338582353,0.331195294,0.348298431,0.310547582,0.522874379,0.591185098,0.60052915,-0.368571503,-0.474077516,-0.362318301,-0.100837778,-0.050463529,-0.057659477,-0.097097124,-0.321295686,-0.469322614,-0.398015294,0.03756732,0.093919608,0.281106405,0.275969281,0.111109412,0.119518301,0.265690065,0.294007582,0.114200261,0.033548889,0.188962876,0.394837778,0.298953595,-0.002899739,0.112235686,0.106346928,0.007101699,0.269517386,0.403809804,0.214102876,0.429515294,0.295691765,-0.041404837,0.025700523,0.081494641,0.077476209,0.018876601,-0.026172026,0.253917516,0.437085882,makedonija
-0.195994902,0.055330196,0.236838954,0.154778824,-0.024487582,-0.026729935,0.159541307,0.236275817,0.048880915,-0.196277647,0.007759085,-0.100666536,0.175902745,0.242169542,0.00663281,0.012243791,0.242826928,0.171512288,-0.098424183,0.010184967,0.273853072,0.148428758,-0.005231373,0.109075425,0.286848497,0.282735817,0.106175686,-0.001212941,0.154783791,0.273669542,0.498542484,0.49378,0.443869673,0.284700392,0.205433203,0.200107582,0.288902353,0.446017778,0.495838824,0.49621085,-0.241879216,-0.35815817,-0.293015033,-0.079817778,-0.00280549,-0.004953595,-0.07673451,-0.306566013,-0.355724706,-0.234683268,0.03420366,0.106175686,0.323763399,0.314602876,0.048784052,0.037475425,0.322550458,0.334888497,0.093748366,0.03420366,0.186273856,0.347501961,0.353398039,-0.064961961,0.120756078,0.115430458,-0.085153333,0.365453333,0.361142222,0.171509935,0.374080261,0.33164366,-0.064453856,0.07405281,0.088633203,0.085733464,0.069575425,-0.067537124,0.345006144,0.369587974,makedonija
-0.238982614,0.127019739,0.27974,0.094406013,-0.028223268,-0.022428758,0.167993595,0.265753072,0.026293987,-0.201088758,0.00411268,-0.132075163,0.25077268,0.262264837,-0.069069935,-0.000160784,0.263230327,0.184332288,-0.087691503,0.009328889,0.42353634,0.252008366,-0.002614379,0.190302745,0.369551895,0.359930065,0.135718954,0.043937516,0.289004967,0.481726013,0.53300183,0.561008627,0.541546144,0.43313281,0.274488497,0.234013856,0.46180719,0.540149673,0.596866405,0.572180131,-0.057412026,-0.246257647,-0.430404706,-0.216264183,-0.001944444,0.003740654,-0.185502353,-0.393198562,-0.245783791,-0.073542092,0.016231895,0.105274379,0.37941098,0.296024967,-0.025549935,-0.060676209,0.317724837,0.403026667,0.074586667,0.004296209,0.134223268,0.440871765,0.426798824,-0.05052915,0.213853464,0.202075948,-0.105658301,0.430781046,0.453018693,0.118990458,0.382088627,0.44003085,-0.129167843,0.046450065,0.105605229,0.080743007,0.021873203,-0.132908497,0.450111373,0.367505621,makedonija
-0.272377124,0.179377647,0.34076732,0.040538824,-0.021010327,-0.020923399,0.109330719,0.323475686,0.14527817,-0.285097124,0.00962183,-0.167494118,0.300191634,0.25250902,-0.068633464,-0.005635817,0.291212026,0.259714902,-0.120751373,0.010839739,0.26958915,0.11456,-0.083385098,0.208581961,0.327123399,0.310670065,0.163719477,-0.035253203,0.13240719,0.28901634,0.703461176,0.665157516,0.535544837,0.295518954,0.404554248,0.331463268,0.361324706,0.553940261,0.675977386,0.705790196,-0.463144837,-0.568159346,-0.350389412,-0.037844837,-0.084515556,-0.069012026,-0.022058824,-0.422731111,-0.550212941,-0.426701176,0.00800915,0.141610327,0.380699216,0.315258693,0.131529542,0.094331634,0.369815294,0.416203007,0.096274248,0.021848105,0.275155294,0.513023137,0.376042484,-0.040612157,0.119769281,0.119675033,-0.132383399,0.488555948,0.524450327,0.232163137,0.521985098,0.382171503,-0.110813595,0.012857647,0.105023268,0.074557647,-0.007078954,-0.167088627,0.493699477,0.503500131,makedonija
-0.222825752,0.189423922,0.335165621,0.000285359,-0.029894902,-0.022706536,0.03887451,0.323851765,0.157643529,-0.236124052,0.027659869,-0.211753464,0.298920654,0.260328889,-0.051383529,-0.028309935,0.233881699,0.295075556,-0.118320523,0.020808497,0.208250588,0.098661961,-0.118947582,0.202307582,0.297817124,0.271471765,0.179335817,-0.04849634,0.114281699,0.22716719,0.583065098,0.570273072,0.48132719,0.322006797,0.439848235,0.377872418,0.386469804,0.512891111,0.583268235,0.58347451,-0.331717908,-0.449906275,-0.353290588,-0.122219346,-0.051222745,-0.035434379,-0.10401268,-0.421993464,-0.422628366,-0.270903922,0.028906013,0.14609268,0.321015294,0.266709281,0.14630719,0.118099085,0.324700261,0.328611895,0.109404837,0.042788497,0.237112288,0.393255163,0.227579739,0.004937516,0.113073987,0.109427582,-0.032129673,0.359362876,0.438590065,0.209557516,0.427963922,0.192968497,-0.016807843,0.026216993,0.070146928,0.051168497,0.018534641,-0.072507712,0.354959869,0.465315033,makedonija
1.39E-17,1.39E-17,1.39E-17,0,0,0,5.55E-17,0,0,0,1.39E-17,1.39E-17,1.39E-17,0,0,0,5.55E-17,0,0,0,1.39E-17,1.39E-17,1.39E-17,0,0,0,5.55E-17,0,0,0,1.39E-17,1.39E-17,1.39E-17,0,0,0,5.55E-17,0,0,0,1.39E-17,1.39E-17,1.39E-17,0,0,0,5.55E-17,0,0,0,1.39E-17,1.39E-17,1.39E-17,0,0,0,5.55E-17,0,0,0,1.39E-17,1.39E-17,1.39E-17,0,0,0,5.55E-17,0,0,0,1.39E-17,1.39E-17,1.39E-17,0,0,0,5.55E-17,0,0,0,romania
0.015249542,0.018523922,0.02469281,0.006355033,0.013937908,0.009636732,0.01130366,0.020718954,0.023621046,0.037371895,0.01310902,0.021125752,0.031866013,0.025806536,0.016234248,0.007741307,0.044204837,0.035520784,0.015869804,0.023697778,0.007399085,0.011690327,0.019536078,0.026248235,0.033146275,0.028666536,0.033446275,0.03579281,0.026719216,0.001401438,0.006372288,0.003564444,0.002252288,-0.000930196,0.005228758,0.014292418,0.00971085,0.020565229,0.024960654,0.011965752,-0.007672157,-0.008877516,-0.007659608,0.003926536,0.004293595,-0.000191111,-0.000563137,-0.003083268,-0.005695033,0.00345268,-0.003174902,-0.004020784,0.007761438,0.008133464,0.007565359,0.006081961,0.003365752,-0.006352418,-0.006084575,0.00158,0.011509412,0.009825229,0.006727059,0.002520131,0.003174902,0.001026797,-0.013766667,-0.008971765,-0.000376993,0.011752157,0.012905882,0.007203268,-0.000930196,0.025769412,0.030819608,0.017775163,0.002636601,0.00355451,0.000563137,-0.001396471,romania
0.008329542,0.027989935,0.016516863,0.022460261,0.030405229,0.010720392,-0.006181699,0.013663922,0.010310458,-0.003618693,-0.012918431,0.030232288,0.013761699,-0.019223529,-0.008131111,0.042527059,0.049592549,0.012414771,0.014306144,0.032141699,0.006647712,0.004494641,0.063951242,0.023095817,0.023688105,-0.002527712,0.007993987,0.008001569,0.006401438,0.048122092,0.012729935,-0.010671111,0.06227634,0.068740523,-0.014466013,0.030410196,0.016820392,0.01916549,0.008541961,-0.007986405,0.010859608,0.008423791,-0.00495098,0.04040902,0.04226183,-0.016331373,0.022686405,-0.022198301,-0.021736993,0.010498954,0.009083529,0.005712549,0.016420654,0.01904,0.046558039,0.054121046,0.029790719,0.052864444,0.054069804,0.047750065,0.01282915,0.021156078,-0.003304183,0.040121307,0.068954118,0.062232026,0.074346275,0.004281046,0.035115556,0.033347059,0.005995294,0.010574248,0.004025752,-0.030864183,0.025851373,0.021934771,0.007489804,0.02368902,-0.002038693,-0.000175948,romania
0.010021046,0.012920784,0.022257255,0.042145752,0.044744967,0.046243268,0.042023791,0.024225621,0.012343922,0.015541569,0.006456601,0.012709804,0.024563791,0.025233725,0.021337255,0.019838954,0.017586667,-0.008548366,-0.057079216,-0.048280784,0.015879739,0.030531634,0.034264706,0.027843137,0.017219608,0.011127712,0.000709281,0.0107,0.0107,0.00939281,0.027083922,0.03118902,0.033614902,0.026441699,0.007935556,0.015433856,0.012233856,0.004258301,0.001914118,0.005180915,0.033428758,0.032590458,0.028946667,0.004747843,0.01169817,0.014875686,0.010938954,0.004074771,0.005369412,0.005275163,0.031933072,0.028574641,-0.021919608,0.014302614,0.013186536,0.012908758,0.010936601,0.004360131,0.004617778,0.006108497,0.02587098,-0.002599477,0.005524052,0.012819477,0.014317778,0.011797647,0.012717647,0.009596471,0.009387843,0.009380261,0.002609412,-0.019335033,-0.001217908,-0.008123529,-0.016397908,-0.01630366,-0.013319608,-0.006793595,-0.006977124,-0.004923268,romania
-2.78E-17,0,2.78E-17,0,0,0,8.33E-17,1.39E-17,2.78E-17,-2.78E-17,-2.78E-17,0,2.78E-17,0.001029412,0.001029412,0,8.33E-17,1.39E-17,2.78E-17,-2.78E-17,-2.78E-17,0,2.78E-17,0,0,0,8.33E-17,1.39E-17,2.78E-17,-2.78E-17,-2.78E-17,0,0.000372026,0.001029412,0.001029412,0,8.33E-17,1.39E-17,2.78E-17,-2.78E-17,-2.78E-17,0,2.78E-17,0,0,0,8.33E-17,1.39E-17,2.78E-17,-2.78E-17,-2.78E-17,0,0.000372026,0.000372026,0,0,8.33E-17,1.39E-17,2.78E-17,-2.78E-17,-2.78E-17,0,2.78E-17,0,0,0,8.33E-17,1.39E-17,2.78E-17,-2.78E-17,-2.78E-17,0,0.000372026,0.000372026,0,0,8.33E-17,1.39E-17,2.78E-17,-2.78E-17,romania
0.005891111,0.011615948,0.006841176,-0.031464444,0.000649804,0.02367817,0.030486928,-0.003218693,-0.01189281,0.005960261,-0.005526405,0.015545098,0.045446797,0.057920784,-0.11278549,0.003167582,0.012287582,0.031519346,0.028818301,-0.029373856,0.000563137,-0.021917386,0.02859451,0.15096732,0.180625882,-0.101479477,-0.001294641,0.025938693,0.040143007,0.031873856,0.016204837,0.015170458,-0.03184915,0.059046928,0.173132026,0.155689542,-0.060277386,-0.000277778,0.016084575,0.019960915,0.008051503,0.02267634,0.024539346,-0.056812549,0.069486928,0.146824575,0.100391111,-0.017017124,-0.003455294,0.024636471,-0.008155686,0.001696732,0.050115033,0.021200523,-0.125177778,0.054758039,0.093276601,0.029281307,-0.011056863,-0.009303529,0.022579739,0.01583281,0.019277778,0.150468627,0.137059477,-0.116972288,-0.00870183,0.005960261,-0.010392157,-0.002876993,0.019119477,0.027079346,0.016018954,0.013592941,0.092657124,0.016242092,-0.043355163,-0.00595268,-0.007904706,-0.009670588,romania
0.018904052,0.020211242,0.000188497,-0.010864837,-0.003740654,0.01973268,0.048289804,0.034537516,-0.007547582,-0.031285621,0.012067582,0.018896471,0.015902484,-0.00403098,-0.020762092,0.007664837,0.04463817,0.04611085,0.01285281,-0.01975817,0.003651373,0.017589281,0.02030549,0.011050719,-0.013655425,-0.014771503,0.030088105,0.051920261,0.04208719,0.002509935,-0.001503268,0.008046797,0.018442745,0.014692157,0.00280549,-0.019449935,-0.005707843,0.042780131,0.049851242,0.029746797,0.001503268,-0.004395425,0.007868235,0.01310719,0.013194118,-0.003557124,-0.034409935,0.006163922,0.050608105,0.050136601,0.005608366,0,-0.001768497,0.010487843,0.014962614,0.011127712,-0.016450719,-0.026250588,0.023824706,0.060229673,0.005893725,0.004395425,-0.002058824,0.00448732,0.015714248,0.014962614,0.005144706,-0.01903451,-0.016254379,0.03223098,0.002897124,0.005891111,0.001029412,-0.001220523,0.007481307,0.015897778,0.014399477,0.000382222,-0.016713072,-0.008416209,romania
-1.39E-17,-1.39E-17,6.94E-18,0,5.55E-17,0,6.94E-18,1.39E-17,2.78E-17,-2.78E-17,-1.39E-17,-1.39E-17,6.94E-18,1.11E-16,5.55E-17,0,9.42E-05,9.42E-05,2.78E-17,-2.78E-17,-1.39E-17,-1.39E-17,6.94E-18,1.11E-16,5.55E-17,0,3.47E-17,1.39E-17,2.78E-17,-2.78E-17,-1.39E-17,-1.39E-17,6.94E-18,1.11E-16,5.55E-17,0,9.42E-05,9.42E-05,2.78E-17,-2.78E-17,-1.39E-17,-1.39E-17,6.94E-18,1.11E-16,5.55E-17,0,3.47E-17,1.39E-17,2.78E-17,-2.78E-17,-1.39E-17,-1.39E-17,6.94E-18,1.11E-16,5.55E-17,0,9.42E-05,9.42E-05,2.78E-17,-2.78E-17,-1.39E-17,-1.39E-17,6.94E-18,1.11E-16,5.55E-17,0,3.47E-17,1.39E-17,2.78E-17,-2.78E-17,-1.39E-17,-1.39E-17,6.94E-18,1.11E-16,5.55E-17,0,3.47E-17,1.39E-17,2.78E-17,-2.78E-17,romania
0.006369673,0.002624314,0.016755425,-0.009939216,-0.030789804,0.137915817,0.108323791,0.019532549,0.021067059,0.013174902,0.011809412,0.024087451,0.044429673,0.107981569,0.157878431,0.184848497,0.147196863,0.062045359,0.028673856,0.013534379,0.014895033,0.014336863,0.013448889,0.099014771,0.105999739,0.078841176,0.065893595,-0.021046928,-0.005007582,0.008541961,0.004313464,0.010864314,0.008778301,0.010638693,-0.035453072,-0.038814118,-0.000861046,0.017517516,0.035042614,0.037081307,0.01134549,0.023144967,0.041058693,0.191959869,0.242608366,0.20089451,0.133123007,0.036381569,0.016880261,0.027096471,0.011615948,0.014805752,0.036660915,0.060991765,0.028555033,0.006064706,0.000277778,-8.93E-05,-0.001111111,-0.000555556,0.00965634,0.019498824,0.029001307,0.094807843,0.101703529,0.088177647,0.033032157,-0.012892157,-0.025305229,-0.037758824,-0.011896078,-0.012938039,-0.014155686,-0.096439869,-0.164784052,-0.101053725,-0.031169412,0.008906405,0.022621699,0.028908758,romania
0,1.39E-17,9.42E-05,9.42E-05,0,0,0.000277778,0.000277778,2.78E-17,2.78E-17,0,1.39E-17,1.39E-17,0,0,0,0.000657386,0.000935163,2.78E-17,2.78E-17,0.000188497,1.39E-17,1.39E-17,9.42E-05,9.42E-05,0,0.000935163,0.000935163,2.78E-17,2.78E-17,0,1.39E-17,1.39E-17,-9.42E-05,0,0,0.000277778,0.000277778,2.78E-17,2.78E-17,0,1.39E-17,1.39E-17,0,0,0,0,1.39E-17,2.78E-17,2.78E-17,0,1.39E-17,1.39E-17,9.42E-05,9.42E-05,0,0,1.39E-17,2.78E-17,2.78E-17,0,1.39E-17,1.39E-17,0,0,0,0.001212941,0.001212941,2.78E-17,2.78E-17,0,1.39E-17,1.39E-17,-9.42E-05,0,0,2.78E-17,-0.000935163,2.78E-17,2.78E-17,romania
2.78E-17,2.78E-17,0.030775817,0.082690719,0.045180261,0.000935163,2.78E-17,2.78E-17,2.78E-17,2.78E-17,0.001859216,0.003072157,0.175132288,0.304491634,0.200384052,0.002639477,0.001859216,0.001859216,0.001859216,0.001859216,-0.023088235,-0.014840523,0.071059085,0.051334771,0.08822183,0.014566536,-0.023271765,-0.023271765,-0.023271765,-0.023271765,0.015203922,0.024570458,0.242658562,0.258750458,0.269189542,0.066524967,0.015861307,0.01417451,0.01417451,0.01417451,0.244134118,0.249742484,-0.036361699,-0.055241307,-0.084483529,0.252545359,0.244134118,0.244134118,0.244134118,0.244134118,0.805766275,0.812284706,0.490891373,0.164447582,0.475188235,0.81686366,0.805766275,0.805766275,0.805766275,0.805766275,0.011481961,0.011576209,0.280624837,0.379283529,0.279029935,0.016753333,0.011481961,0.011481961,0.011481961,0.011481961,-1.11E-16,-1.11E-16,0.004117647,0.007205882,0.004117647,0.001029412,-1.11E-16,-1.11E-16,-1.11E-16,-1.11E-16,serbia
0,0.003740654,0.102511503,0.174728627,0.124809542,0.011884314,0,0,0,0,0.010267843,0.00933268,0.137351765,0.181248105,0.152510458,0.028658039,0.010267843,0.010267843,0.010267843,0.010267843,-0.05285451,-0.029257124,0.145979216,0.16479634,0.193533856,0.029550327,-0.053137255,-0.053137255,-0.053137255,-0.053137255,0.00780549,0.027605882,0.239130458,0.217599869,0.267707712,0.092289542,0.00780549,0.006972157,0.006972157,0.006972157,0.283067059,0.285971765,0.08420366,0.097543399,0.048820261,0.288769673,0.284183137,0.284183137,0.284183137,0.284183137,0.919834902,0.925728627,0.351893333,0.056135948,0.26778902,0.932651765,0.919834902,0.919834902,0.919834902,0.919834902,0.011481961,0.021146405,0.328927712,0.336078954,0.295352026,0.078483007,0.012511373,0.011481961,0.011481961,0.011481961,-1.11E-16,0.001029412,0.045735556,0.106808105,0.062101961,0.000935163,-1.11E-16,-1.11E-16,-1.11E-16,-1.11E-16,serbia
2.78E-17,0.000935163,0.001964575,0.003088235,0.002058824,0.001029412,2.78E-17,2.78E-17,2.78E-17,2.78E-17,2.78E-17,2.78E-17,0.172545359,0.280411111,0.188914379,0.002361699,2.78E-17,2.78E-17,2.78E-17,2.78E-17,0.001859216,0.00400732,0.113497516,0.185682353,0.123037908,0.002159477,0.001859216,0.001859216,0.001859216,0.001859216,-0.02632732,0.002398431,0.173002353,0.202819477,0.210151634,0.044682484,-0.023990719,-0.026605098,-0.026605098,-0.026605098,0.002055294,0.025637516,0.171037908,0.165839216,0.183589542,0.057928889,0.004019869,0.001025882,0.001025882,0.001025882,0.011481961,0.011481961,-0.023614902,-0.011004314,-0.021380131,0.011759739,0.011481961,0.011481961,0.011481961,0.011481961,0.809965621,0.813306536,0.509042614,0.127383791,0.435668758,0.815732418,0.809687843,0.809687843,0.809687843,0.810243399,0.274941176,0.28254915,0.348719739,0.030681569,0.346815033,0.307284837,0.275787059,0.274941176,0.274941176,0.274941176,serbia
-0.002066405,-0.001972157,0.071928627,0.12469817,0.086933856,0.003366013,-0.001972157,-0.001972157,-0.001972157,-0.001972157,0.006896863,0.007832026,0.104714771,0.132504444,0.115378562,0.018564706,0.006896863,0.006896863,0.006896863,0.006896863,-0.073544314,-0.056191242,0.136833595,0.171403922,0.187301046,-0.001883399,-0.072785098,-0.072785098,-0.072785098,-0.073258954,0.010514379,0.011888235,0.173241569,0.150289673,0.191799869,0.06122732,0.008929412,0.008096078,0.008096078,0.00920719,0.246074771,0.249163007,0.072595033,0.07067634,0.040860392,0.250192418,0.246818824,0.246818824,0.246818824,0.246446797,0.79069451,0.795653072,0.31398915,0.090909412,0.251810327,0.799770719,0.79069451,0.79069451,0.79069451,0.79069451,0.008487974,0.015535425,0.274729673,0.289534771,0.277596732,0.063406013,0.009611634,0.008676471,0.008676471,0.008582222,-0.007843137,-0.006813725,0.028066928,0.075851111,0.040970458,-0.006813725,-0.007843137,-0.007843137,-0.007843137,-0.007843137,serbia
0,0.004497255,0.091408627,0.130477778,0.096848627,0.00899451,0.001029412,0,0,0,0,0.008426405,0.083429412,0.099396601,0.085197908,0.013392549,0.000935163,0,0,0,-0.09202732,-0.015381961,0.184153856,0.171688758,0.208399608,0.010543268,-0.092868235,-0.093701569,-0.093701569,-0.093701569,0.017583137,0.037741046,0.159221046,0.101868758,0.16155268,0.057282353,0.017583137,0.017583137,0.017583137,0.017583137,0.288327059,0.293739346,0.070933333,0.066151373,0.054311895,0.293645098,0.288327059,0.288327059,0.288327059,0.288327059,0.825818039,0.833770588,0.279499739,0.09948902,0.259802614,0.835829412,0.825818039,0.825818039,0.825818039,0.825818039,0.012315294,0.04076915,0.307577778,0.303876209,0.307374118,0.066102092,0.012315294,0.012315294,0.012315294,0.012315294,-1.11E-16,-1.11E-16,0.04533817,0.099372941,0.053940523,-1.11E-16,-1.11E-16,-1.11E-16,-1.11E-16,-1.11E-16,serbia
2.78E-17,2.78E-17,0.074431242,0.128103268,0.090919608,0.005710196,2.78E-17,2.78E-17,2.78E-17,2.78E-17,0.005512941,0.007383268,0.105495556,0.134949542,0.118396732,0.019393072,0.005512941,0.005512941,0.005512941,0.005512941,-0.071283922,-0.054477386,0.156854902,0.194231634,0.210257124,0.00285451,-0.071283922,-0.071283922,-0.071283922,-0.071283922,0.01885268,0.016548758,0.181133725,0.153186797,0.19774,0.064681438,0.018378824,0.018378824,0.018378824,0.018378824,0.260057647,0.264534771,0.085329935,0.079819085,0.054051634,0.265375686,0.260057647,0.260057647,0.260057647,0.260057647,0.823295294,0.831059346,0.320143791,0.086302745,0.249315033,0.835271242,0.823295294,0.823295294,0.823295294,0.823295294,0.011481961,0.014600261,0.290217255,0.310258693,0.294954641,0.065735033,0.011481961,0.011481961,0.011481961,0.011481961,-1.11E-16,0.001029412,0.036465621,0.083118562,0.047682353,0.000935163,-1.11E-16,-1.11E-16,-1.11E-16,-1.11E-16,serbia
-0.006964575,0.00760183,0.084889935,0.15002,0.097552418,-0.001331111,-0.002222222,0.008636209,0.000372026,-0.001944444,0.015054248,0.012452418,0.108455163,0.144737778,0.10232915,0.023671503,0.01440183,0.010683922,0.004093987,0.006719477,0.015116471,0.005818954,0.116563137,0.166074118,0.246156601,0.105984837,0.00720902,-0.006047451,-0.011490719,-0.003916732,-0.004279346,0.018723268,0.159419477,0.195653464,0.250881307,0.102486667,0.003353595,-0.011103007,0.026262876,0.037624837,0.153183529,0.135003922,0.08801634,0.128225359,0.034121438,0.171925621,0.16117281,0.140845752,0.228940654,0.232589412,0.742895425,0.75804366,0.365310065,0.114327059,0.170753987,0.777458301,0.75361085,0.699768105,0.77845268,0.838409804,0.116151373,0.01420549,0.305125621,0.378623791,0.284403399,0.100724837,0.03389268,0.077029935,0.051441699,0.00288719,0.023435163,9.42E-05,0.025832157,0.1468,0.105174771,-0.003921569,0.081045752,0.067879608,0.054901961,-0.006535948,serbia
0.008872549,0.026163922,0.116473987,0.103672549,0.057596471,0.008927974,-0.013120915,0.015070327,0.017476078,-0.000473856,0.014580131,0.029751111,0.040441699,0.022239085,-0.014600915,-0.007560131,0.023584837,0.027845752,0.004734771,0.011689412,-0.038910327,-0.006023137,0.030862484,0.035441569,0.079003529,-0.01647098,-0.029983791,-0.040118301,-0.053577124,-0.037735033,0.034403007,0.02205268,0.069143137,0.093985621,0.142397386,0.050260915,0.011635163,-0.001221438,0.016479346,0.02163634,0.034726013,-0.00187268,0.01914915,0.104268497,0.065662353,0.014862876,0.004087582,0.012699869,0.023842222,0.020471242,0.286518562,0.24826549,0.095713333,-0.020506536,0.12015281,0.318454248,0.287458693,0.308046667,0.347978954,0.33787098,0.60702902,0.589716078,0.257712157,0.088440915,0.253641438,0.694631111,0.647003922,0.687182222,0.762388758,0.743143007,0.016519608,0.019508627,0.184179346,0.159731111,0.185111895,0.003108366,0.01894549,0.030060392,0.019602876,-0.005985359,serbia
0.008088235,0.008284314,0.097948105,0.156003007,0.113407059,0.014183007,0.008088235,0.008088235,0.008088235,0.008088235,0.005512941,0.007661046,0.10856366,0.134539608,0.121457255,0.020802092,0.005512941,0.005512941,0.005512941,0.005512941,-0.069805752,-0.057356993,0.148099085,0.18360549,0.200749673,-3.27E-05,-0.071283922,-0.071283922,-0.071283922,-0.069805752,0.018574902,0.016548758,0.192062484,0.168213072,0.212679608,0.066740261,0.018574902,0.01754549,0.01754549,0.01754549,0.246239085,0.252586536,0.068703529,0.073749412,0.033974902,0.252775033,0.24940902,0.24940902,0.24940902,0.247824052,0.825354118,0.82918902,0.32032732,0.093521176,0.262684837,0.833306667,0.823295294,0.823295294,0.823295294,0.825354118,0.012226013,0.011948235,0.279948235,0.299907974,0.282728627,0.059660392,0.011481961,0.011481961,0.011481961,0.012226013,-0.023529412,-0.022222222,0.008818562,0.049679608,0.018638824,-0.0225,-0.023529412,-0.023529412,-0.023529412,-0.023529412,serbia
0.007410719,0.010310458,0.123825752,0.213843137,0.161572549,0.038965621,0.027721176,0.017893333,0.011062092,0.012843137,0.000475294,0.010408497,0.134620784,0.178038039,0.168574379,0.051595425,0.019762484,-0.011481961,-0.064405621,-0.049997386,0.017701438,0.108823268,0.265600131,0.255663268,0.298569804,0.160129281,0.053009412,0.055753987,0.033032026,0.008821307,0.066101176,0.104825882,0.209453595,0.157252157,0.1699,0.093353464,0.064100784,0.057547059,0.048388758,0.041956993,0.239118693,0.253859869,0.081158301,0.067458562,0.032667712,0.223520523,0.239802614,0.252996471,0.250488889,0.232684575,0.676981569,0.710154118,0.26875281,0.110772288,0.186069804,0.641558824,0.691223529,0.740246013,0.748598301,0.706789542,0.010174771,0.007654641,0.26490183,0.262805359,0.219462092,0.04499098,0.008393725,0.008393725,0.008393725,0.007180784,-0.040245098,-0.049489673,-0.014338824,0.028384967,0.002295163,-0.032679739,-0.036601307,-0.043137255,-0.048366013,-0.044166667,serbia
-1.11E-16,-1.11E-16,-1.11E-16,-1.11E-16,-1.11E-16,-1.11E-16,-1.11E-16,-1.11E-16,-1.11E-16,-1.11E-16,-1.11E-16,-2.08E-17,-0.023046144,0,-1.11E-16,-1.11E-16,-1.11E-16,-1.11E-16,-1.11E-16,-1.11E-16,-0.844428235,0.281476078,0.844428235,0.004596209,-0.844428235,-0.844428235,-0.844428235,-0.844428235,-0.844428235,-0.844428235,-1.39E-17,0.004596209,-0.004596209,-1.39E-17,-1.39E-17,-1.39E-17,-1.39E-17,-1.39E-17,-1.39E-17,-1.39E-17,-1.39E-17,-1.39E-17,-1.39E-17,-1.39E-17,-1.39E-17,-1.39E-17,-1.39E-17,-1.39E-17,-1.39E-17,-1.39E-17,0.042136863,0.042136863,0.042136863,0.042136863,0.042136863,0.042136863,0.042136863,0.042136863,0.042136863,0.042136863,-2.78E-17,-2.78E-17,-2.78E-17,-2.78E-17,-2.78E-17,-2.78E-17,-2.78E-17,-2.78E-17,-2.78E-17,-2.78E-17,-2.78E-17,-2.78E-17,-2.78E-17,-2.78E-17,-2.78E-17,-2.78E-17,-2.78E-17,-2.78E-17,-2.78E-17,-2.78E-17,slovenia
0.019513595,0.019141569,0.019141569,0.018206405,0.015686275,0.015686275,0.015686275,0.015686275,0.015686275,0.015686275,0.012883399,-0.111005098,-0.111191242,0.002892157,0.002892157,-1.11E-16,-1.11E-16,-1.11E-16,-1.11E-16,-1.11E-16,-0.395860784,0.568306405,0.566999216,-0.403793203,-0.566207582,-0.571247843,-0.571247843,-0.571247843,-0.571247843,-0.571247843,0.051620523,-0.253796471,-0.259303007,0.054079085,0.055483137,0.055483137,0.055483137,0.055483137,0.055483137,0.055483137,0.019741046,-0.003239477,-0.004824444,0.020108105,0.015913725,0.015913725,0.015913725,0.015913725,0.015913725,0.015913725,0.086470458,0.092145621,0.092145621,0.086812418,0.085877255,0.085877255,0.085877255,0.085877255,0.085877255,0.085877255,6.94E-18,-1.39E-17,-1.39E-17,-1.39E-17,-1.39E-17,-1.39E-17,-1.39E-17,-1.39E-17,-1.39E-17,-1.39E-17,6.94E-18,-1.39E-17,-1.39E-17,-1.39E-17,-1.39E-17,-1.39E-17,-1.39E-17,-1.39E-17,-1.39E-17,-1.39E-17,slovenia
-1.11E-16,0.003549542,0.006069673,0.00382732,-1.11E-16,-1.11E-16,-1.11E-16,-1.11E-16,-1.11E-16,-1.11E-16,0.005608366,-0.085424183,-0.137218562,-0.007778954,0.002520131,-1.11E-16,-1.11E-16,-1.11E-16,-1.11E-16,-1.11E-16,-0.384188235,0.140306013,0.489078431,-0.08399268,-0.382603268,-0.387276471,-0.387276471,-0.387276471,-0.387276471,-0.387276471,0.071320261,-0.069129542,-0.094793072,0.049971373,0.057761961,0.057394902,0.057394902,0.057394902,0.057394902,0.057394902,0.004711373,0.007628627,-0.112078562,0.010029412,0.004344314,0.004344314,0.004344314,0.004344314,0.004344314,0.004344314,0.04986549,0.064068627,0.068357255,0.052851895,0.049959739,0.04986549,0.04986549,0.04986549,0.04986549,0.04986549,0.000230196,0.000230196,0.000230196,0.000230196,0.000230196,0.000230196,0.000230196,0.000230196,0.000230196,0.000230196,0.000833333,0.000833333,0.000833333,0.000833333,0.000833333,0.000833333,0.000833333,0.000833333,0.000833333,0.000833333,slovenia
-0.018300654,-0.041006667,0.016130065,0.020530458,-0.015686275,0.023529412,0.066666667,0.065359477,0.08496732,0.060130719,0.197360784,-0.129327059,-0.446748366,-0.080827451,0.035993203,0.040723922,0.030360654,0.052582876,0.012337778,0.124068889,-0.179868497,0.12916719,0.422917516,-0.081067582,-0.301382876,-0.312279216,-0.302000261,-0.260348758,-0.172955556,-0.178390327,0.036190719,-0.050647712,-0.130456863,0.027839346,0.048836078,0.033109804,-0.006587974,0.022808366,0.050612157,0.056428889,-0.000364444,0.000196078,0.003620784,0.015771503,0.001413987,0.001907712,0.006308105,0.017453072,0.00949817,-0.006414248,-0.019251634,-0.016962092,-0.015825882,-2.63E-05,0.019072418,0.033428105,0.03388183,0.013313987,-0.018410719,-0.024836732,-0.004711503,-0.000244575,0.008113856,0.008845359,0.001848105,-0.002732026,-0.006241307,-0.024635556,0.004911895,0.011415163,0.001016863,0.003251634,0.000751634,0.009563791,0.011982092,0.026662876,0.036884052,0.035008758,0.035477647,0.023582222,slovenia
-1.11E-16,0.002520131,0.006997255,0.004477124,-1.11E-16,-1.11E-16,-1.11E-16,-1.11E-16,-1.11E-16,-1.11E-16,0.000277778,8.43E-05,-0.30753451,-0.111609412,0.001212941,-1.11E-16,-1.11E-16,-1.11E-16,-1.11E-16,-1.11E-16,-0.346071765,-0.132989804,0.298758562,0.080718039,-0.345610458,-0.34775098,-0.34775098,-0.34775098,-0.34775098,-0.34775098,0.036195686,0.043401569,-0.259477255,-0.000583268,0.039278954,0.036195686,0.036195686,0.036195686,0.036195686,0.036195686,-0.001609804,0.001289935,0.010472941,0.007201176,-0.001609804,-0.001609804,-0.001609804,-0.001609804,-0.001609804,-0.001609804,-0.022832157,-0.022832157,-0.022832157,-0.022832157,-0.022832157,-0.022832157,-0.022832157,-0.022832157,-0.022832157,-0.022832157,0.00087098,0.00087098,0.00087098,0.00087098,0.00087098,0.00087098,0.00087098,0.00087098,0.00087098,0.00087098,0.000739085,0.000833333,0.000833333,0.000833333,0.000833333,0.000833333,0.000833333,0.000833333,0.000833333,0.000833333,slovenia
0.006441699,0.01026902,0.007748889,0.003921569,0.003921569,0.003921569,0.003921569,0.003921569,0.003921569,0.003921569,-0.051566275,-0.362518693,-0.193791895,-1.11E-16,-1.11E-16,-1.11E-16,-1.11E-16,-1.11E-16,-1.11E-16,-1.11E-16,-0.101439869,0.448881307,0.158928497,-0.432458824,-0.438992157,-0.438992157,-0.440862484,-0.438992157,-0.438992157,-0.440768235,0.047128235,-0.267726536,-0.045004314,0.056268627,0.047862353,0.047862353,0.047862353,0.047862353,0.047862353,0.047862353,0.009910588,0.023007582,0.018245098,0.005242353,0.005242353,0.005242353,0.005242353,0.005242353,0.005242353,0.005148105,0.017591895,0.014225882,0.017502614,0.017874641,0.017780392,0.017874641,0.017874641,0.017780392,0.017780392,0.017408366,0.000833333,0.000833333,0.000833333,0.000833333,0.000833333,0.000739085,0.000833333,0.000833333,0.000833333,0.000833333,-2.78E-17,-2.78E-17,-2.78E-17,-2.78E-17,-2.78E-17,-2.78E-17,-2.78E-17,-2.78E-17,-2.78E-17,-2.78E-17,slovenia
-0.192693333,-0.194744314,-0.010628497,0.01904732,0.035378431,0.005501569,0.023435163,0.039121438,0.031650327,-0.013917778,0.261146275,0.32083817,0.113674379,-0.018573464,0.007249935,0.066167712,0.033115948,0.031064706,0.046880261,0.124726013,0.298741569,0.530559477,0.13606902,-0.372477516,-0.43755098,-0.455296078,-0.396619346,-0.381972418,-0.377540261,-0.283116471,-0.061964183,-0.294513987,0.010148497,0.038501699,0.012565621,0.033166144,0.020716601,0.029896993,0.024561438,0.011171765,0.019388105,0.025396209,-0.004972026,0.019906667,0.011105882,-0.003682876,0.004366275,-0.032238301,-0.028459739,0.011801176,-0.037127451,-0.041123137,-0.039734248,-0.037519608,-0.041066275,-0.026100654,-0.039142222,0.010731503,0.012316471,0.004929673,0.011073203,0.014762222,-0.006417778,0.013124444,0.020419608,0.020981307,0.027595163,0.010320392,0.032711895,0.032997255,0.002125359,0.00929098,0.003162353,-0.007239739,0.00697451,0.005017516,0.014316078,0.022766144,-0.004836601,-0.000547974,slovenia
-0.036601307,0.177229542,0.169746144,0.001674248,0.082352941,0.116062092,-0.035294118,0.045751634,0.058823529,-0.013071895,0.221631895,0.190755425,-0.243296863,-0.144734248,0.050243137,0.028162876,0.16728549,0.079187974,0.029792549,0.067567059,-0.111520784,-0.301234379,0.262953333,0.101573856,-0.410217124,-0.246148758,-0.265865752,-0.329560915,-0.370951895,-0.137984444,0.038330065,-0.057466797,-0.153980392,-0.033500523,0.067167712,0.018585621,0.048231765,0.003254118,0.092500131,0.064255425,-0.056411765,0.080791634,0.118375033,0.015673333,-0.002697516,0.00321085,-0.003895556,0.041283137,0.072519216,0.019383268,0.02820732,0.047167059,-0.041772157,0.004712157,-0.036465752,-0.056888235,-0.054464967,-0.078838562,-0.063309542,-0.100236209,0.078514902,0.015325098,0.084837255,0.082779869,0.001167712,0.008298693,0.026411634,0.070964052,0.031008758,0.005691242,0.013166144,0.011221699,-0.070696209,0.021910327,0.010111765,0.020400915,0.09687268,0.061205359,-0.010756601,0.045895817,slovenia
0.002336601,0.003271765,-0.056186928,0.006163922,0.005228758,0,0,0,0,0,0.026508497,0.014487974,0.016164575,0.01314366,0.02351451,0.02351451,0.02351451,0.02351451,0.02351451,0.02351451,-0.608962222,0.143917124,0.527007974,-0.196817647,-0.607655033,-0.611482353,-0.611482353,-0.611482353,-0.611482353,-0.611482353,0.050566013,-0.073770065,-0.217877124,0.038370065,0.037486536,0.037764314,0.037764314,0.037764314,0.037764314,0.037764314,0.010031373,0.01171817,-0.041008758,0.011048235,0.010031373,0.010031373,0.010031373,0.010031373,0.010031373,0.010031373,0.033462092,0.04297451,0.043991373,0.03513634,0.033367843,0.032526928,0.03243268,0.03243268,0.03243268,0.032526928,-0.000588235,-0.000588235,-0.000588235,-0.000588235,-0.000588235,-0.000588235,-0.000588235,-0.000588235,-0.000588235,-0.000588235,0,0,0,0,0,0,0,0,0,0,slovenia
-1.11E-16,0.006441699,0.019602876,0.014468366,0.00130719,-1.11E-16,-1.11E-16,-1.11E-16,-1.11E-16,-1.11E-16,0.001401438,-0.003276732,-0.134994902,-0.124498039,0.001584967,0.000833333,0.000833333,0.000833333,0.000833333,0.000833333,-0.615433987,-0.321264052,0.497180131,0.210935033,-0.600782092,-0.615617516,-0.61626732,-0.617202484,-0.61626732,-0.617202484,0.02147085,0.026057386,-0.246604575,-0.066652288,0.026434379,0.020629935,0.020629935,0.019694771,0.021565098,0.020629935,0.010418431,0.01121268,0.021791634,0.021052549,0.011542092,0.010606928,0.010606928,0.010701176,0.01051268,0.010606928,0.010802092,0.010802092,0.010802092,0.010802092,0.010707843,0.010707843,0.00977268,0.00977268,0.010707843,0.01089634,-0.00087098,-0.00087098,-0.00087098,-0.00087098,-0.00087098,-0.00087098,-0.00087098,-0.00087098,-0.00087098,-0.00087098,-2.78E-17,-2.78E-17,-2.78E-17,-2.78E-17,-2.78E-17,-2.78E-17,-2.78E-17,-2.78E-17,-2.78E-17,-2.78E-17,slovenia
-2.78E-17,-2.78E-17,-2.78E-17,-2.78E-17,-2.78E-17,-2.78E-17,-2.78E-17,-2.78E-17,-2.78E-17,-2.78E-17,-2.78E-17,-2.78E-17,0.484633464,0.726950196,0.242316732,-2.78E-17,-2.78E-17,-2.78E-17,-2.78E-17,-2.78E-17,-2.78E-17,0.484633464,0.484633464,0.242316732,-2.78E-17,-2.78E-17,-2.78E-17,-2.78E-17,-2.78E-17,-2.78E-17,-2.78E-17,0.242316732,6.94E-17,-2.78E-17,0.242316732,0.484633464,0.242316732,-2.78E-17,-2.78E-17,-2.78E-17,-2.78E-17,1.11E-16,0.044517386,0.044517386,0.044517386,-0.242316732,-2.78E-17,-2.78E-17,-2.78E-17,-2.78E-17,-2.78E-17,-2.78E-17,0.484633464,0.484633464,0.242316732,-2.78E-17,-2.78E-17,-2.78E-17,-2.78E-17,-2.78E-17,-2.78E-17,-2.78E-17,-2.78E-17,-0.059668235,-2.78E-17,-2.78E-17,-2.78E-17,-2.78E-17,-2.78E-17,-2.78E-17,-2.78E-17,-2.78E-17,-2.78E-17,-2.78E-17,-2.78E-17,-2.78E-17,-2.78E-17,-2.78E-17,-2.78E-17,-2.78E-17,turkey
0.023168758,0.006694379,0.008577255,0.014934641,0.012982614,0.009532288,0.030399477,0.042977386,0.016499477,-0.008760523,0.018158562,0.027395556,0.335880654,0.485204314,0.254870196,0.025379608,0.017702484,0.044743268,0.06803634,0.039410327,0.013974379,0.171362353,0.367489542,0.215199608,0.045501307,0.072869412,0.038162353,0.010251503,0.003164967,0.027383007,0.010653595,0.126386275,-0.010383399,0.002438431,0.115610719,0.3421,0.201971895,0.007190719,-0.006079608,0.007361699,0.000290327,-0.010839739,0.048394902,0.157387974,-0.012960131,-0.266224052,-0.006818693,-0.001949412,0.005136863,-0.000287712,-0.004925882,0.007419477,-0.009859085,0.407640392,0.200533987,-0.008460261,-0.007267451,0.008019085,0.009981046,-0.008857386,-0.003896471,0.009842745,-0.008090588,-0.070122876,-0.012205882,-0.009338824,-0.00682366,-0.000106797,-0.00130719,0.02560719,-0.002785359,-0.011558431,-0.008368627,-0.005245098,-0.005965229,-0.004186797,-0.003809804,-0.020395948,0.028117124,0.033509281,turkey
0,0,0.005147059,0.006176471,0.004023399,0,0,0,0,0,0.000935163,0.001029412,0.296836732,0.477017908,0.265783399,0.008046797,0.002058824,0,0,0,0.003088235,0.297491503,0.534830719,0.42696366,0.13079451,0.046874118,0.031155163,0.001964575,0,0,0.004117647,0.218524706,0.009073595,0.023202353,0.12470732,0.413035948,0.297027843,0.003088235,0,0,0.008515425,-0.053224183,0.223121176,0.310863922,0.062682353,-0.269709935,-0.052016209,0.005707582,0,0,0.007672157,0.008044183,0.012732288,0.52286732,0.307041569,0.013565882,0.010477647,0,0,0,0,0.000560523,0.010385752,-0.003085882,0.012536471,0.002993987,0,0,0,0,0,0,0,0.002993987,0,0,0,0,0,0,turkey
0.01105451,0.000277778,-0.008073072,-0.006936863,-0.007961307,-0.007596863,-0.005461307,0.003888889,0.010922614,0.016032026,-0.018653725,-0.016771111,-0.008087059,0.360089281,0.502286405,0.177368105,0.017813072,0.018450327,0.020126928,0.020131895,-0.010367059,-0.005726536,0.237993987,0.387197124,0.273916601,0.085476471,0.045495163,0.019487059,0.018457647,0.018187451,0.012413333,0.017441046,0.166886667,0.020878562,0.035965229,0.366143791,0.355207451,0.01998366,0.014303791,0.007616993,0.019660654,0.027628105,0.016299608,0.175730327,0.198858824,-0.061786013,-0.110278954,0.005868627,0.001118693,-0.000277778,0.018274118,0.027271242,0.019483529,0.198075686,0.564660654,0.187732549,-0.00327817,-0.009278693,-0.015144706,-0.021077255,0.013004183,0.007616993,0.005980392,-0.027571765,-0.131940654,-0.017546405,-0.021332288,-0.024472157,-0.020578301,-0.013430196,-0.008911634,-0.011416601,-0.012056209,-0.011655294,0.000142092,-0.011587582,-0.008239085,-0.002777778,0.004722222,0.009166667,turkey
-0.003055556,-0.006411634,0.262609412,0.63312732,0.605218824,0.349726013,0.00872549,0.011228105,0.01411268,0.011956993,-0.001944444,0.060796863,0.349488497,0.328602353,-0.271651503,0.096126275,0.052702484,0.01441817,0.011592288,0.014512157,0.012654641,0.121963399,0.194664444,-0.12979634,0.028896471,0.059113856,0.241295817,0.198636209,0.018459085,0.011163922,0.010583268,0.082344183,0.071678039,-0.011350065,0.017486013,0.19517098,0.438647582,0.363503137,0.010603399,0.005649804,0.015315425,0.010942745,0.045404706,0.080121961,0.014524967,0.002640915,-0.067757647,0.021243007,0.016009281,0,0.015712549,0.014522353,0.059179216,0.251151373,0.065693856,0.025579477,-0.079934641,-0.005174771,0.000927582,0,0.012560392,0.019488497,-0.145090458,0.441339869,0.691474379,0.292826797,0.018618693,0.004125229,-0.002132941,-0.005,0.004171634,0.014302353,-0.002356732,-0.343357255,-0.207643268,-0.082724967,0.006499477,-0.004724837,-0.008564706,-0.009846536,turkey
0.017366667,0.017014771,0.005457516,0.010564314,-0.000619739,0.006622614,-0.001720654,0.010287712,0.005384575,-0.004918301,0.024843922,0.229933725,0.652788235,0.539336732,0.152554248,0.013926536,0.010392157,0.017537647,0.001776078,-0.001106144,0.047133203,0.427460261,0.379730065,-0.129601438,0.041496863,0.128338562,0.068095817,0.013174902,-0.006977124,-0.010461307,0.086761176,0.146503529,-0.036622876,0.02828902,0.225447843,0.420993464,0.188333595,-6.92E-05,-0.008236471,0.034593856,-0.009732418,-0.052031111,0.292901176,0.135109412,0.029900784,-0.325479346,0.003617255,-0.004979869,0.004734771,0.034127582,0.019341176,-0.08422732,0.451895686,0.579221176,0.185129804,-0.004756078,-0.002663399,-0.010392157,-0.005196078,-0.014082353,0.027448366,0.017550196,0.003946667,-0.00544,0.00991451,0.008075686,0.00260183,0.016136209,0.017165621,0.000915033,-0.013174902,0.000466275,-0.001490719,0.004943399,0.001753333,0.008819739,0.000669935,0.012698431,0.00944183,0.007410719,turkey
-0.011132418,-0.009837778,-0.01236549,-0.003011503,0.002132941,0.006339869,0.001383922,0.018255686,0.031758824,0.005015163,0.001577647,0.064264706,0.55625268,0.62921634,0.223971503,0.01710549,0.01841268,0.009988889,0.026825359,0.032698954,0.0057,0.274128497,0.415288627,-0.058098431,0.017884575,0.096943007,0.035275163,0.004757516,0.006240654,-0.000196078,0.004680784,0.130476209,0.005987974,0.028781176,0.193145752,0.402804967,0.210571634,0.008309412,0.005218824,0.012585752,0.009733333,-0.031899216,0.137701961,0.105150327,-0.026777516,-0.224660392,0.005417255,0.002061438,0.00681634,0.00653098,0.01833098,-0.010487582,0.247793856,0.496204837,0.198355817,0.021701961,0.021518431,0.014496078,0.011678039,-0.000374641,-0.000183529,0.003834902,-0.040325621,-0.271648889,-0.015341961,0.003653725,0.012541438,0.016559869,0.014215686,0.005980392,0.005241307,0.008795817,0.041994641,0.060985359,0.030125752,0.013372157,0.01796366,0.015535425,0.004107712,0.012047712,turkey
-0.012224837,-0.009325098,-0.01027281,-0.007278824,-0.011674248,-0.011383922,-0.012413333,-0.012413333,-0.012413333,-0.012413333,0.003088235,0.061015686,0.549639608,0.630374902,0.244315163,0.004680784,0.002254902,0.002254902,0.002254902,0.002254902,0.004395425,0.30094183,0.440157516,-0.04868,0.017986405,0.07797268,0.033422614,0.000935163,0,0,0.001401438,0.153979608,0.002981438,0.014574902,0.165226405,0.394643399,0.235499216,0.001029412,0,0,0.001773464,-0.023296863,0.150623791,0.113485882,-0.007868235,-0.23256183,-0.001781046,0.004023399,0,0,0.009916863,-0.036220523,0.264771503,0.471226013,0.177428497,0.011879085,0.013565882,0.003088235,0,0,0,0.00991451,-0.068499346,-0.338140131,-0.023210196,0.003088235,0,0,0,0,0,0,0.020955033,0.034895294,0.01796366,0,0,0,0,-0.000277778,turkey
0,0.001029412,0.004117647,0.002058824,0.001029412,0.001029412,0,0,0,0,0.000935163,0.001029412,0.384495163,0.584974248,0.343338824,0.022547843,0.003088235,0,0,0,0.004023399,0.268861438,0.467559477,0.279334118,0.048932941,0.078401307,0.061652941,0.002058824,0,0,0.003088235,0.177457386,0.006831242,0.005615686,0.095893725,0.438289804,0.327428758,0.003088235,0,0,0.011695556,-0.039663268,0.151367582,0.259130458,0.031996078,-0.288415294,-0.062493856,0.007766405,0,0,0.004958562,0.008326928,-0.01383634,0.564398301,0.342592157,0.010571895,0.009542484,0,0,0,0,0.003648758,0.011132418,-0.046591373,0.004117647,0.005147059,0,0,0,0,0,0,0.001029412,0.014595294,0.008418824,0,0,0,0,0,turkey
0.02831085,0.007721176,0.006992288,0.013247843,0.009886797,0.008964183,0.030391895,0.043991634,0.017047451,-0.01146915,0.018726667,0.028886275,0.368531503,0.495126405,0.220282484,0.02369281,0.017511373,0.045395686,0.070931111,0.037468497,0.014718431,0.186051895,0.329416471,0.13651817,0.033540523,0.079919477,0.037892157,0.008663922,0.00260183,0.028228889,0.000367059,0.111235425,-0.017026144,0.000481438,0.159118824,0.338573203,0.172248497,0.006166275,-0.003926536,0.011283268,0.005618301,-0.017482484,0.056642745,0.168250196,-0.006118693,-0.276987059,0.001413987,-0.006903007,0.006719477,-0.001222876,-0.004084967,0.004611634,0.002114248,0.386526928,0.177272418,-0.00984915,-0.005310458,0.009420523,0.010164575,-0.012590458,-0.002874641,0.010031242,-0.008368366,-0.048989281,-0.008648758,-0.007284967,-0.00794732,0.000260261,-0.006900392,0.031113725,-0.004454641,-0.013706536,-0.007441046,-0.008304444,-0.005221176,-0.00362366,-0.001564837,-0.014341438,0.033162353,0.02869281,turkey
